AgentID,AgentLabel,SuperSpreader,SuperFriend,GeneralInfluencer,EigenvectorCentrality,
1487041979795980289,BosesTiAmianan,0.012,0,0.006,2.988e-05,
24112747,INDOPACOM,1,1,1,0.506,
951720519203635201,takderkordi,0.086,0,0.013,0.010,
28943891,Redbrandog,0.005,0,0.006,1.839e-04,
986696690630508547,enkoryaw,0.005,0,0.006,1.839e-04,
1511704288401059840,CordiDayMM,0.292,0.500,0.289,0.029,
349973436,KimTomCan,0.005,0,0.006,1.839e-04,
792718821555482628,prince_turtogo,0.005,0,0.006,1.839e-04,
1176545268415619072,agbinnadangtayo,0.081,0,0.026,0.009,
1040246530030981121,entruepy,0.011,0,0.025,1.946e-04,
316937242,StanfordWBBBlog,0.007,0,0.002,0.002,
471547670,alexplitsas,0.005,0,0.008,0.001,
1433419690638983168,sacred_promise,0.006,0,0.004,0.001,
3837500787,IPDefenseForum,0.250,0,0.557,0.062,
1596428281,BoDiplo,0.006,0,0.004,4.572e-05,
2216405453,PacificMarines,0.449,0.500,0.525,0.254,
92611744,USARPAC,0.255,1,0.280,0.082,
2744294556,Japan_GSDF,0.144,0.500,0.126,0.035,
81155662,US_STRATCOM,0.182,0.500,0.561,0.030,
119407077,HQUSAFEAFAF,0.056,0,0.069,5.829e-04,
19611483,usairforce,0.080,0,0.052,0.008,
115684356,AFGlobalStrike,0.064,0,0.033,0.004,
83795099,NATO,0.066,0,0.036,0.004,
8775672,USArmy,0.149,0,0.075,0.028,
4068016160,tni_ad,0.142,0,0.088,0.020,
78489442,USEmbassyPH,0.120,0.500,0.281,0.005,
1178902181593964544,F_CEAFE,0.011,0,0.071,0.007,
939341267040796673,Dale116dot7,0.024,0,0.088,0.010,
1247217504956682241,NATOUnitedForce,0.005,0,0.067,5.829e-04,
731034620,MaryscottG,0.005,0,0.024,8.963e-04,
1528726698,usconsmontreal,0.007,0,0.022,0.001,
809841734058393600,USAmbCanada,0.004,0,0.005,0.002,
1241977585673752576,provider808,0.060,0,0.194,0.056,
1278442604829564935,Tomas_Toman1972,0.017,0,0.055,0.001,
1507733800842899459,ZigaLekic,0.005,0,0.023,0.001,
704224716626780160,defence_mne,0.006,0,0.020,0.001,
111344559,GuardMaine,0.001,0,0.002,0.001,
1248352685537071104,HendrikCarly,0.005,0,0.067,5.829e-04,
2409571994,friendsrelec,0.005,0,0.068,5.829e-04,
4148621113,softwarnet,0.017,0,0.096,0.017,
1362247381702610944,MindyG50986913,0.024,0,0.078,0.005,
44890357,DemsAbroadCan,0.017,0,0.032,0.002,
1601766740,usconsvancouver,0.013,0,0.018,0.002,
1176963689628483584,Cox_NukePol,0.005,0,0.068,5.829e-04,
1196961020457234434,SKmartinTO,0.005,0,0.067,5.829e-04,
1385789278513287181,HarjivanSolank5,0.005,0,0.068,5.829e-04,
2188145495,raymaloney99,0.005,0,0.067,5.829e-04,
454324248,NixonKissinger,0.005,0,0.067,5.829e-04,
2397845204,laugh_in_pain,0.005,0,0.068,5.829e-04,
3114693488,Turgut_Guliyev,0.139,0,0.373,0.160,
880226143353401344,Mabel_Danger,0.017,0,0.083,0.015,
42458347,evspir,0.005,0,0.067,5.829e-04,
17197784,vtuss,0.005,0,0.026,0.001,
1324022303194292224,GAC_DM_FA,0.007,0,0.052,0.002,
1380265270137257987,DeputySecState,0.009,0,0.011,0.002,
317341166,CanEmbUSA,0.005,0,0.027,0.001,
2445558278,CanadaSlovakia,0.005,0,0.002,0,
2401610353,usphilsociety,0.005,0,0.007,6.921e-05,
205474999,ivolkman,0.036,0,0.086,0.005,
715371897630957572,futuredrwillis,0.005,0,0.008,6.921e-05,
183270050,edwarjose1,0.005,0,0.060,0.008,
1478840722518282241,USARPAC_CG,0.014,0,0.061,0.009,
1945463636,pitukpongpreech,0.017,0,0.099,0.021,
1447182320616812544,AttackCupcake,0.036,0,0.149,0.024,
1235680780489306112,krzysiek_prejs,0.011,0,0.077,0.019,
1258464081041858567,Glenda37241419,0.042,0,0.134,0.032,
785090532,I_Corps,0.005,0,0.064,0.008,
389950297,wadakashiho,0.157,0,0.394,0.118,
93471126,usembassytokyo,0.166,0,0.102,0.009,
18749026,PACAF,0.239,0.500,0.339,0.132,
25930421,US7thFleet,0.546,1,0.410,0.138,
2363702751,jhop4749,0.078,0,0.191,0.084,
54885400,USNavy,0.495,1,0.478,0.080,
863451486,CongSeneres,0.005,0,0.012,0.001,
1214215640912822272,derik_rivera,0.036,0,0.095,0.044,
1276786817396887553,Mattybink1,0.011,0,0.020,0.002,
1124877633206931456,woMfbJKqIvydpRP,0.133,0,0.342,0.124,
1182778132404695040,DiegoTiburonA,0.005,0,0.007,0.002,
1287104039617024000,Maxamdbar88888,0.011,0,0.029,0.007,
1366691151483338753,gang_urgee_suki,0.005,0,0.012,0.001,
1163719671117303808,KatsuhikoTsuda,0.072,0,0.196,0.056,
1474870194002530307,djcad2005,0.017,0,0.035,0.009,
1116348909478133762,DandekerLisa,0.011,0,0.030,0.004,
1412626677335683072,zebediizip,0.017,0,0.038,0.004,
102722975,SurfaceWarriors,0.138,1,0.180,0.020,
2875883148,FaleroJr,0.011,0,0.023,0.002,
4481687056,jdh_harms,0.048,0,0.130,0.043,
1275878602463199236,Cloudzzzz_,0.017,0,0.037,0.005,
2308345490,JANET_redstar,0.078,0,0.198,0.075,
3315682202,MoneyFindersLLC,0.011,0,0.029,0.007,
1170784150468476929,RobertW81555222,0.060,0,0.164,0.044,
1487076732536426500,Twang1776LZ,0.005,0,0.012,0.001,
1486097077,JorgePonceCaraz,0.054,0,0.151,0.052,
106971476,ArmyRecognition,0.011,0,0.038,0.007,
1393536165857406982,NelsColeman,0.042,0,0.126,0.030,
216530630,CSEASUCB,0.005,0,0.013,0.001,
1114761930818895872,richie016_00,0.011,0,0.038,0.001,
1086159045604577280,sondravet22,0.114,0,0.263,0.105,
22388574,carl_densing,0.005,0,0.012,0.001,
947045737841311747,cma_mohan,0.005,0,0.012,0.001,
28468549,USPacificFleet,0.246,1,0.481,0.103,
843103970721579008,CoreyEBeverage,0.005,0,0.012,0.001,
1358535923072385024,lareed2012,0.030,0,0.115,0.026,
260530323,Jessica_Ruddy16,0.005,0,0.012,0.001,
1012475880248143873,Karrasamelia5,0.011,0,0.022,0.002,
1347911851351404544,Tinker_Sparked,0.048,0,0.135,0.034,
1038791386588487681,Whataboutthene1,0.017,0,0.047,0.004,
1484183740376969223,eng_vp,0.005,0,0.012,0.001,
1298625690091192320,WriterThriller,0.011,0,0.020,0.002,
1500812862507397120,JamalJa04418423,0.011,0,0.043,0.003,
935243065911996416,mE4j7FpRmSV07MI,0.030,0,0.069,0.009,
882353329657049089,jon_kinsley,0.005,0,0.012,0.001,
1429468650826784779,LouPawlowski,0.011,0,0.034,0.003,
1259155340433776647,xMasterProgram,0.005,0,0.012,0.001,
1450587988707012609,livefree170171,0.005,0,0.012,0.001,
1281303947857113088,VickiMo08056436,0.005,0,0.012,0.001,
1287435194316677121,ASsuuna1,0.084,0,0.226,0.080,
1321067249361444875,laptop_randy,0.005,0,0.012,0.001,
1448413205538148357,AndyMcCoy4real,0.084,0,0.276,0.063,
1355384877416235008,descendantofyhv,0.005,0,0.012,0.001,
1431139215698444288,MarkWil86770584,0.005,0,0.012,0.001,
1304733983939330049,eddie_31003,0.005,0,0.012,0.001,
143562564,silentseawolf,0.017,0,0.086,0.007,
1367389992939569154,kabinet14042864,0.005,0,0.007,0.002,
2407961990,amirshafyq,0.017,0,0.074,0.007,
814982462,scubaristar,0.011,0,0.028,0.002,
2662224127,rgssstep,0.005,0,0.007,0.002,
1448853288573550597,allannatividad8,0.024,0,0.026,7.860e-04,
1381567008777543681,iPhonelovers01,0.005,0,0.007,0.002,
1505131153522511873,dobedu37,0.005,0,0.005,0,
2731726158,fuji_503,0.005,0,0.007,0.002,
1020137438562283521,chageimgur,0.017,0,0.080,0.017,
3231463644,f86d_,0.042,0,0.152,0.043,
1448982297236049924,aivan_guisadio,0.005,0,0.005,0,
873411716,muhamedkalema1,0.030,0,0.072,0.032,
422577072,aevum2020,0.066,0,0.161,0.072,
2909334026,professorlombr1,0.005,0,0.007,0.002,
380680308,Cherry_1955,0.005,0,0.007,0.002,
923807628240723968,JohnsonThongLP,0.133,0,0.295,0.146,
754923996,Philippine_Navy,0.084,0,0.042,0.004,
10126672,USMC,0.308,0,0.474,0.130,
1510550413862662144,YsSNVknxKomeqta,0.005,0,0.007,0.002,
291652961,agiim_r,0.011,0,0.032,0.002,
1459338897343799300,AldwinJimenez2,0.005,0,0.006,0.001,
269139570,PhilDefNews,0.006,0,0.003,0.001,
71322728,jowell_disc,0.005,0,0.018,7.849e-04,
1359467324235862018,MU0GNABUO,0.005,0,0.007,0.001,
1151142582585417730,PahayagangKAPP,0.007,0,0.005,0.002,
536181856,imcheeseka,0.005,0,0.007,0.001,
3319511816,RiclamigoB,0.005,0,0.007,7.849e-04,
1497044033583345667,Catalyst220224,0.017,0,0.094,0.016,
1269979163726938114,Fernand39170590,0.163,0,0.415,0.166,
236393259,AceAcedillo,0.011,0,0.022,0.002,
17644834,BusinessMirror,0.005,0,0.004,0,
392459500,aaaformula,0.005,0,0.018,7.849e-04,
2834794711,david13pang,0.011,0,0.040,0.004,
151517948,CubeKakuzai,0.005,0,0.007,0.002,
49972972,mila_d_aguilar,0.005,0,0.008,7.849e-04,
1316354264726339584,KoichiMizuschi2,0.005,0,0.007,0.002,
1021928947,hwfranzjr,0.011,0,0.022,0.002,
3179101598,yelswrld,0.011,0,0.022,0.002,
1403526062194139136,GalagaranArnold,0.017,0,0.028,0.002,
302964768,wtaka007,0.024,0,0.065,0.026,
817774796440272896,JudeAsare2,0.005,0,0.012,0.001,
232635988,angelus_0923,0.024,0,0.026,0.002,
1416453858566578185,MChelseagirl,0.066,0,0.214,0.058,
1197186453677019136,Eda01718847,0.005,0,0.018,7.849e-04,
1960017126,kaoruo00216,0.005,0,0.007,0.002,
1461527223941304324,Rexleano1,0.011,0,0.021,0.002,
1303300617805332482,DarleneTimbol,0.005,0,0.018,7.849e-04,
1441952749587894280,rose_howdy,0.024,0,0.069,0.014,
1508751607823237125,SanjuSa46005906,0.090,0,0.225,0.084,
1425636844205641733,MVanhalesing,0.017,0,0.101,0.009,
828033366712688640,MyriadCsPhantom,0.011,0,0.034,0.010,
1213239566510907392,mamiahipo17,0.005,0,0.007,0.002,
1505370236429946880,jJqfUKaGtu4QQx8,0.005,0,0.007,0.002,
1316691345864445953,waraioWASUREZU,0.005,0,0.007,0.002,
2188654916,defined_un_sort,0.030,0,0.120,0.019,
3241735411,Sylveon_Ads,0.005,0,0.007,0.002,
1551794143,ppnn7221,0.005,0,0.007,0.002,
323430890,JayBirdOne,0.005,0,0.007,0.002,
1485201349654597632,marekol43191641,0.005,0,0.007,0.002,
1373173055313248256,shigurenakako,0.005,0,0.007,0.002,
1331769324,DonnaEBecton,0.036,0,0.106,0.038,
1482602428189061120,lupodark40,0.005,0,0.007,0.002,
827343025470738433,1stMAW_Marines,0.127,0,0.121,0.050,
1017578055072604160,jmsdf_pao_eng,0.526,1,0.297,0.067,
108408303,nel_anzora,0.005,0,0.027,0.002,
181302590,tdhoanh,0.005,0,0.012,8.463e-04,
1331181553834070017,Koronuru,0.078,0,0.222,0.087,
1292309934105751552,Sakura_ebiii,0.005,0,0.050,0.006,
1404615301,jose22780,0.005,0,0.017,0.006,
1162944823457792003,1JZGTE2000,0.102,0,0.294,0.086,
754661367651504128,T_AH19,0.030,0,0.119,0.019,
373213146,twistarter,0.005,0,0.012,8.463e-04,
1021597353910796294,defense_sloot,0.054,0,0.148,0.065,
378280914,StriebRoman,0.078,0,0.186,0.062,
1490402814501269504,vassellia_bond,0.005,0,0.014,0.006,
982967013583740934,Jf3EHs0go4hikke,0.005,0,0.016,0.006,
1586496223,spanishdrone,0.005,0,0.016,0.006,
69141716,praetorian0,0.005,0,0.016,0.006,
2725272744,OnoMilo06,0.042,0,0.109,0.047,
918912528461258753,davidnmccrea,0.005,0,0.027,0.002,
129609017,FighterJets916,0.030,0,0.101,0.036,
370237517,gerciksinan,0.005,0,0.016,0.006,
1282738369991258113,RamonSyllva29,0.024,0,0.072,0.030,
34863914,usna06marine,0.005,0,0.016,0.006,
2323385174,Fandango831,0.005,0,0.016,0.006,
85359060,jrlosinger,0.011,0,0.040,0.016,
3660328812,douglaschongys,0.030,0,0.097,0.040,
730178982872780800,JediHaloMan21,0.024,0,0.109,0.027,
97338803,b503yukikaze,0.005,0,0.017,0.006,
3114773927,WarshipsIFR,0.005,0,0.019,0.006,
96946717,saravanangee,0.011,0,0.035,0.013,
1404118248728244227,TeresaM19445404,0.005,0,0.018,0.006,
1424568645573697537,tester88910960,0.011,0,0.032,0.013,
19805682,zachvat,0.054,0,0.152,0.064,
1236968484065529857,TS_EF8046,0.005,0,0.012,8.463e-04,
1170689281142272001,BL1ND3RS0FF,0.024,0,0.086,0.021,
1172274158043975680,UngylR,0.005,0,0.010,1.187e-04,
854837803,Y_Ash_S,0.005,0,0.012,8.463e-04,
406250308,2reconb_laxer,0.024,0,0.108,0.012,
971726979668918273,akira2301taji,0.011,0,0.058,0.007,
1396430820424830979,kidoudan,0.011,0,0.052,0.006,
1861388023,sutoku3,0.011,0,0.039,0.009,
1415568543970627584,ClenKell,0.078,0,0.186,0.039,
531753891,flymcaa,0.017,0,0.055,0.007,
897099537751343104,Martinacuna1965,0.017,0,0.118,0.024,
178359191,amehurashiorz,0.005,0,0.012,8.463e-04,
929584030453874688,xOELqo1QzFAQbXR,0.005,0,0.012,8.463e-04,
1263327376005451776,ilovetheGoesan,0.005,0,0.027,0.002,
147012730,youma9000,0.042,0,0.127,0.043,
327945290,riverkazoo,0.017,0,0.061,0.012,
2668928108,japanesepatrio6,0.017,0,0.067,0.011,
1180675299651907584,Ryunosuke634,0.005,0,0.012,8.463e-04,
2367458396,djsmith1716,0.030,0,0.073,0.032,
1489978528032559107,Merry09182087,0.005,0,0.011,0.006,
47921816,ariaghajar,0.005,0,0.031,0.008,
982518512630616065,Juan160628862,0.042,0,0.122,0.043,
1461826921206059020,steps_ka,0.048,0,0.152,0.043,
747855184731115520,2nd_kiki,0.005,0,0.012,8.463e-04,
1243603398,futan_futan,0.005,0,0.012,8.463e-04,
1165575239461261312,togokubooks,0.024,0,0.078,0.019,
22239585,Hanktivist,0.005,0,0.031,0.008,
178978113,eAsiaMediaHub,0.005,0,0.060,0.008,
1308366948988641280,Dezima7,0.005,0,0.011,8.463e-04,
132397046,DzirhanDefence,0.017,0,0.069,0.013,
1028670025,BackyardAviator,0.005,0,0.011,8.463e-04,
1530737568,jregain,0.011,0,0.044,0.004,
1503664429061505026,HINA_KUUTO,0.005,0,0.012,8.463e-04,
2708567180,FMangosingINQ,0.011,0,0.048,0.009,
1389266294587994117,Aaron_MatthewIL,0.011,0,0.071,0.009,
2395685646,WINDVONDERVENUS,0.036,0,0.112,0.042,
87624170,madhavanpallan,0.017,0,0.061,0.017,
1552087369,mitsuomarineone,0.005,0,0.033,0.008,
1279630596633800706,anakbayansc,0.079,0.500,0.028,0.001,
1445397158400774154,AnakbayanUK,0.079,0.500,0.023,8.352e-04,
969898586027704320,lowparvatii,0.005,0,0.005,0.001,
706087110424420353,elepsuplb,0.024,0,0.012,0.004,
716248878,chibivy,0.011,0,0.020,1.905e-04,
3307687069,CPA_Cordillera,0.092,0.500,0.038,7.224e-04,
985029721,n3dflix,0.005,0,0.024,1.367e-05,
96750689,GFC_forests,0.065,0.500,0.023,1.392e-05,
87658895,BayanMuna,0.005,0,0.023,7.937e-04,
2511882350,katribuphils,0.136,0.500,0.039,0.014,
857255720282202112,foe_togo,0.005,0,0.024,1.367e-05,
1004722948043755521,SiakNiKR,0.108,0,0.190,0.016,
1402122256520683523,PITIKPics,0.042,0,0.014,0.004,
1432532274621272066,PanaghiusaPH,0.120,0.500,0.066,0.009,
1152949239401418752,EufemiaCullamat,0.005,0,0.023,7.937e-04,
1337040795086499841,rebelysyon,0.102,0,0.207,0.015,
1493823703607832577,USARJ_PA,0.060,0.500,0.080,0.003,
1156734634257817600,38thADA,0.154,1,0.165,0.027,
1274529942366117888,YouKnowMahmood,0.005,0,0.034,0.001,
1077817320,AlumniCClub,0.006,0,0.001,0.001,
1122760625283670016,3d_Marine_Div,0.301,0,0.365,0.064,
201601822,TeamAFP,0.101,0,0.099,0.005,
637168842,LeilahniB,0.005,0,0.025,1.180e-04,
1473804356696825858,VicenteMcConvi6,0.005,0,0.029,0.002,
1058949360153649152,fu27129380,0.005,0,0.008,6.475e-05,
1266406010274471936,Kilo_7_romeo,0.042,0,0.032,8.571e-04,
1210694865706606592,951Jorgegil,0.005,0,0.029,0.002,
1285402673676722176,nfem_pao,0.011,0,0.022,1.713e-04,
1495554767598206979,OswaldVidales,0.005,0,0.029,0.002,
799969685227728897,A10_GAU8,0.005,0,0.029,0.002,
1263038801883967489,ChrisWelber,0.036,0,0.108,0.038,
1182749956307767296,VidalesOswald,0.005,0,0.029,0.002,
1418655951649972229,jr_lambeth,0.005,0,0.029,0.002,
1139775874134183937,q7_l7s,0.011,0,0.056,0.013,
892118401,spallaxo,0.030,0,0.074,0.026,
1186921798299897857,JASDF_adc_pao,0.013,0,0.011,1.523e-06,
142933969,25thID,0.005,0,0.051,0.008,
66369181,DeptofDefense,0.176,0,0.680,0.044,
1347985862160654337,Wendigo114,0.048,0,0.128,0.047,
1194720234017558528,Heathermarymag,0.036,0,0.111,0.038,
4768761692,abamsetiawan,0.005,0,0.006,7.849e-04,
1439459798307704832,Epicenter_Migo,0.005,0,0.020,7.849e-04,
1105092959584706560,wendysa85396804,0.005,0,0.006,7.849e-04,
1449085848444493825,BurrisSuarez,0.066,0,0.150,0.019,
144048904,Lugovalos,0.011,0,0.021,0.002,
1043769358604894208,youruniv3rse,0.005,0,0.007,7.849e-04,
1309488436055736323,AnamayLegani,0.011,0,0.021,0.002,
1273623984576307203,FELIXJRSANBUEN1,0.005,0,0.018,7.849e-04,
1383534278416297993,BenigWillie,0.005,0,0.007,7.849e-04,
4897657179,rhoafd,0.005,0,0.018,7.849e-04,
1375834973148573700,SummerR06506635,0.005,0,0.018,7.849e-04,
1398418200,Carl0sCastellon,0.017,0,0.033,0.004,
1499340884307234816,moonplanets3,0.005,0,0.018,7.849e-04,
43505446,MindanaoExamine,0.011,0,0.020,7.849e-04,
800033485918507009,Szymon_KRK,0.005,0,0.006,0.001,
925641636583010304,CAAUniLodz,0.008,0,0.005,0.002,
3036306081,BifolchiG,0.005,0,0.045,0.007,
1504583473,SpecialEurasia,0.006,0,0.042,0.007,
1438398329872732161,Armor3Night,0.005,0,0.018,7.849e-04,
1261421961097342976,MangDonald8,0.005,0,0.007,7.849e-04,
1310620478893993984,MatthewMateo99,0.005,0,0.018,7.849e-04,
1386592115363237893,RexAquinoRoy3,0.005,0,0.018,7.849e-04,
79030985,leahnavarro,0.005,0,0.024,7.849e-04,
1250280653523836935,Bernardcortez45,0.005,0,0.018,7.849e-04,
630902579,BorziMakoy,0.005,0,0.018,7.849e-04,
727844734983647232,ObserwatorMiedz,0.005,0,0.006,0.001,
3351814421,LukasKobierski,0.005,0,0.007,0.001,
35977816,EdwinGalvez,0.005,0,0.019,7.849e-04,
3304835060,QuasarDevera,0.005,0,0.018,7.849e-04,
1189980851532120064,TangoTangoSiera,0.005,0,0.007,0.001,
1278547172,jmscaronte,0.006,0,0.004,0.001,
29411037,boggsmabilog,0.011,0,0.021,0.002,
300670467,serrano_rene,0.005,0,0.020,7.849e-04,
1493051445880373254,AbenganaO,0.005,0,0.018,7.849e-04,
969469599434522624,starveharvat,0.005,0,0.007,7.849e-04,
2926472354,bauerfilipino,0.005,0,0.007,7.849e-04,
1427214287693484034,AnaBananice,0.005,0,0.007,7.849e-04,
1310143698080989184,TcherCarmelita,0.005,0,0.018,7.849e-04,
1375036927489941504,JackRcher,0.005,0,0.007,7.849e-04,
956309804938444800,alvinlibra2018,0.005,0,0.007,7.849e-04,
903474876089999361,engineer_1st,0.005,0,0.018,7.849e-04,
165727849,choihiLario,0.005,0,0.007,7.849e-04,
55657219,mami_noodles,0.005,0,0.018,7.849e-04,
934969971808935936,ImToughoneYan,0.005,0,0.007,7.849e-04,
492774653,LauraCherubs,0.005,0,0.018,7.849e-04,
1330136412121862150,betylaf35928074,0.005,0,0.018,7.849e-04,
1155060346521968640,GS5913,0.018,0,0.012,0.001,
59119716,cyberdean07,0.005,0,0.019,7.849e-04,
1501633019001843712,GilCaliwliw,0.017,0,0.026,7.859e-04,
1074099097026519041,Aerognarly,0.005,0,0.018,7.849e-04,
738429646887211008,bluesapphire915,0.011,0,0.021,0.002,
1257976454752559106,JosephineZJR76,0.005,0,0.018,7.849e-04,
1304708750457012227,Sweet_30192717,0.005,0,0.018,7.849e-04,
1202181788803596288,Shekina58646987,0.005,0,0.018,7.849e-04,
173146521,neogem5,0.005,0,0.019,7.849e-04,
820242091733200896,JPCunningham10,0.005,0,0.022,7.849e-04,
1511852449388285952,FUTURETRON10,0.005,0,0.003,0,
2181642090,Lpecasales,0.005,0,0.018,7.849e-04,
779910552,just_chamie,0.005,0,0.018,7.849e-04,
3194592704,USNavyCNO,0.007,0,0.009,0.002,
18144581,USNorthernCmd,0.056,0,0.017,3.737e-04,
1469825634788683778,crazyxgif,0.005,0,0.009,3.737e-04,
1482677670261686273,jame83710432,0.011,0,0.038,0.002,
120154868,jefeblack,0.005,0,0.012,0.006,
1083407707028238342,NORADCommand,0.064,0.500,0.089,0.002,
4884200431,Desimond42,0.005,0,0.009,3.737e-04,
2897062860,santode56,0.005,0,0.005,0.001,
1204242402103267328,USAmbThailand,0.020,0,0.007,0.002,
612397643,sflore83,0.024,0,0.076,0.006,
361538330,QDuddly,0.005,0,0.009,3.737e-04,
891863518894592001,CherylKimNYC,0.005,0,0.009,3.737e-04,
3293974612,cle4ayere,0.011,0,0.020,0.001,
1280223775481626631,AnitaNa91552117,0.005,0,0.009,3.737e-04,
882784867,westieTX,0.005,0,0.011,3.737e-04,
298244970,zero2152,0.054,0,0.168,0.073,
1243953799468732416,Akiko_M_DT,0.005,0,0.046,0.010,
714010521817645056,9W2YVN,0.005,0,0.011,0.006,
1498048308010536960,USArmySarah,0.005,0,0.045,0.011,
1350896789583368194,OKAMOTO408,0.005,0,0.046,0.010,
1344205880905007110,Kitaro_Oyazzy,0.011,0,0.058,0.018,
1376533330141704192,BGhesQ0SqKqXqfO,0.005,0,0.046,0.010,
816785462681542656,LanceConner27,0.005,0,0.011,0.006,
3231141349,kyotosal,0.005,0,0.006,0.001,
1475343749849153538,hodaka_take218,0.005,0,0.046,0.010,
996635039512252416,Jamesx70X,0.005,0,0.007,5.326e-05,
1557995564,edwin_icaro31,0.005,0,0.011,0.006,
1199458907313360896,Samuel_XL5,0.024,0,0.064,0.033,
2591408232,kaiseiuchida3,0.005,0,0.046,0.010,
2952411097,yasuhito_0722,0.102,0,0.313,0.118,
4900928924,rapisu25fumi231,0.011,0,0.035,0.016,
2446465550,RafDungca,0.005,0,0.026,7.010e-05,
15448383,inquirerdotnet,0.052,0,0.029,7.010e-05,
265814534,JGSDF_pr,0.133,0,0.055,0.020,
2878932553,kingnavy93,0.005,0,0.033,0.010,
1212716054008356864,ABE17806370,0.005,0,0.007,1.187e-04,
1657851374,9AX0GSRT,0.011,0,0.047,0.018,
761424823926923266,2020_victory,0.005,0,0.034,0.008,
1295299885248389123,BOSS_1105_,0.011,0,0.044,0.014,
1497516918382628867,mquintero2030,0.017,0,0.082,0.023,
148642047,CONBATSAN,0.005,0,0.052,0.005,
1025513274,roseoshar7,0.005,0,0.033,0.010,
1455562738357444625,ASD_IndoPacific,0.017,0,0.060,0.010,
1180151818027966465,TruthColombia,0.005,0,0.033,0.010,
122362854,BJ246,0.005,0,0.052,0.005,
1172106776646279168,ABranger_wife,0.050,0,0.164,0.051,
1410210535883243520,jdnvnt619z,0.005,0,0.034,0.008,
1114042348403478528,koji_tkrdkr,0.005,0,0.052,0.005,
70560147,142Countries,0.011,0,0.052,0.018,
2616801380,mokei1968,0.017,0,0.064,0.027,
602999744,ThePrimeJesse,0.011,0,0.074,0.016,
1418396786473934854,SjZz0,0.011,0,0.050,0.011,
49732748,tofogfan,0.036,0,0.126,0.047,
878433890838265856,jz60378,0.005,0,0.033,0.010,
2543309396,Koizumi01,0.005,0,0.033,0.010,
2502805669,FireandAviation,0.005,0,0.033,0.010,
858042162860183552,AliciaLisaGrag2,0.030,0,0.113,0.026,
1386734704854896641,Noclue420,0.011,0,0.036,0.006,
71032085,WillKlaver,0.024,0,0.076,0.025,
537959237,georgetsimaras,0.011,0,0.065,0.012,
1096475470072184832,CindyWs9,0.011,0,0.059,0.016,
1410989402633891844,dnvn619,0.005,0,0.034,0.008,
1477310174,ae86fcmvf4ageu,0.005,0,0.028,0.003,
512339681,dn12005,0.005,0,0.034,0.008,
1394060181206614019,AsherQuantum,0.005,0,0.026,0.002,
773551993004646401,vacha_dalibor,0.005,0,0.034,0.008,
2210194536,SMLkitakomenews,0.024,0,0.074,0.021,
1297519387222708225,IndexStudio2,0.005,0,0.034,0.008,
128249268,JFIFUDHDVHDJZUH,0.011,0,0.049,0.016,
373790032,2020ReasonLee,0.011,0,0.049,0.012,
164676451,ft555,0.017,0,0.082,0.021,
140037241,guts_ya,0.017,0,0.019,3.562e-04,
1511772062389481478,JamesEd38730515,0.005,0,0.028,0.003,
1504287528320339968,jdnvn999,0.005,0,0.028,0.003,
1081840114828017664,4n4lisis,0.005,0,0.035,0.008,
894221184514088960,Andy007_SR_A,0.005,0,0.038,0.008,
3336783988,yewei199242,0.005,0,0.027,0.003,
514005773,ValoriBluDule,0.005,0,0.034,0.008,
301576617,comteodalric,0.024,0,0.063,0.031,
2228161285,ma10rkun28,0.017,0,0.058,0.024,
749080528955985920,heavyshigeo115,0.005,0,0.007,1.187e-04,
1506382414309904384,comsecusa,0.005,0,0.034,0.008,
1349186366056271872,Raffi__aditya,0.005,0,0.008,0.001,
130121423,akiba2013,0.017,0,0.064,0.024,
870812067846012928,Stratotanker_KC,0.005,0,0.034,0.008,
1511564387156639745,PhanThanhLan14,0.005,0,0.028,0.003,
1408630227228524547,Japan2681,0.011,0,0.018,1.187e-04,
1272160780532629506,KMGR_FLT,0.011,0,0.051,0.018,
1390005001578233857,Antonio09380351,0.005,0,0.034,0.008,
18949781,Spartan_Intel,0.017,0,0.099,0.023,
1407391747731251208,USSMIDWAYY,0.011,0,0.049,0.004,
822328100,TheRealCVN71,0.006,0,0.041,0.001,
731364674,chinfo,7.451e-04,0,0.003,6.159e-05,
70752796,ShtfLiving,0.017,0,0.086,0.021,
1389672865595752450,RNmIPaULwabFpkz,0.005,0,0.007,1.187e-04,
4804564092,FUSCLL3DV51zhWN,0.005,0,0.007,1.187e-04,
288900653,alexrugem,0.005,0,0.028,0.003,
121119775,ginyose007,0.017,0,0.019,3.562e-04,
822947631638794241,pompoko_heppoko,0.011,0,0.013,2.374e-04,
601555458,TawniVixen4,0.011,0,0.042,0.009,
881137693748477952,boredofjudges,0.017,0,0.027,0.002,
1006509415489462273,gabcm_,0.005,0,0.005,5.353e-04,
285043204,3xtraOrdinaRIX,0.005,0,0.005,5.353e-04,
1240256329022705667,KPLCordillera,0.012,0,0.006,0,
970153086982307840,philtfip,0.053,0,0.003,0.002,
1267345823236411392,katribu_natl,0.083,0.500,0.058,0.008,
3146156638,3rdMLG,0.005,0,0.010,8.129e-04,
24702057,Teddybird,0.011,0,0.045,0.006,
36515850,TovarsTake,0.005,0,0.005,0.002,
351750739,joesciuto1,0.009,0,0.004,0.003,
2398523808,thewillernandez,0.005,0,0.005,0.002,
1449943323720884233,GtTexans,0.005,0,0.029,0.002,
1449231164300939266,CaraneLevi,0.017,0,0.022,2.245e-04,
746500488959496194,MIL_STD,0.006,0,0.006,2.415e-04,
1097248394333036544,AnneLew42704151,0.005,0,0.050,0.003,
1262752289959231489,AT42020,0.005,0,0.050,0.003,
3051148496,king_hanzua,0.017,0,0.065,0.025,
1246124670312681479,SamWash61058209,0.011,0,0.069,0.005,
1028438369234309120,dcconsulting4,0.017,0,0.057,0.012,
1603795177,Eur7v,0.005,0,0.049,0.003,
20422178,Bizarro001,0.042,0,0.111,0.029,
1239764287083515907,Kiyomi_InJapan,0.017,0,0.116,0.013,
1076388373160386560,Goingcoastal101,0.005,0,0.007,0.002,
1509759172728209412,JMSDF_EF,0.005,0,0.009,0.002,
138476060,Tsand88,0.005,0,0.007,0.002,
57673609,registas,0.005,0,0.007,0.002,
887093911,LeeTidler,0.005,0,0.007,0.002,
301148961,libertad717,0.005,0,0.011,0.001,
1344559897,IraqWarMonument,0.005,0,0.011,0.001,
18758897,davidslim53,0.005,0,0.019,7.849e-04,
965081471122735104,defenseflashnew,0.024,0,0.012,0,
25007208,roncerod,0.005,0,0.019,7.849e-04,
1513182555209707520,Charles78672273,0.011,0,0.037,0.009,
58175014,warrenjrsali,0.005,0,0.018,7.849e-04,
1471747524415623169,PengAmy1,0.005,0,0.011,0.001,
783410619508596737,anakrimba151,0.005,0,0.006,7.849e-04,
67715492,FraseTweeting,0.011,0,0.022,0.002,
2893889912,towy_hrhm,0.005,0,0.011,0.001,
1370658055143137285,maybejakurai,0.005,0,0.007,7.849e-04,
2780395189,treda10,0.005,0,0.027,0.002,
1491966167048921090,clyn62192,0.005,0,0.018,7.849e-04,
267681470,bhelle008,0.005,0,0.019,7.849e-04,
1448970426772717579,Iyodegz,0.005,0,0.018,7.849e-04,
725475846,Tetsu__tw,0.005,0,0.082,0.009,
227557590,yourphilarmy,0.139,0,0.069,0.022,
1422115642086281217,GlennFr75587262,0.005,0,0.018,7.849e-04,
1210597665932742657,andresilva394,0.005,0,0.011,0.001,
1495910235198095360,KareninaLaurea1,0.005,0,0.018,7.849e-04,
237236420,ogim2001,0.005,0,0.007,7.849e-04,
28928078,skycentral,0.005,0,0.018,7.849e-04,
156888374,todo3110,0.005,0,0.083,0.009,
1224953028379209728,SMDEI07,0.005,0,0.083,0.009,
1466086210473193472,CryptoShill111,0.005,0,0.018,7.849e-04,
1458952158745796608,BumataySlc,0.005,0,0.005,0,
1436876710205530119,joycebrandes63,0.005,0,0.018,7.849e-04,
1191200994463375361,ArerrabNairda,0.005,0,0.018,7.849e-04,
1512752298858098689,Robertcral,0.005,0,0.011,0.001,
907239479965925378,angela_luna3,0.005,0,0.018,7.849e-04,
895918759658926082,cm_padilla8,0.005,0,0.018,7.849e-04,
1457435843778465794,CajunAmerican98,0.011,0,0.084,0.006,
1433232115328372737,LibariosQueen,0.005,0,0.018,7.849e-04,
1373800754,ScionAi,0.011,0,0.040,0.003,
1425412041326485507,Christasusinall,0.005,0,0.018,7.849e-04,
1449892605660073985,MaxYan71478652,0.005,0,0.007,7.849e-04,
20987478,Jpaguado,0.005,0,0.019,7.849e-04,
823349574739734528,pnagovph,0.006,0,0.007,2.415e-04,
472122299,PhilippineStar,0.013,0,0.067,2.518e-04,
3252386060,IIIMEF,0.068,0,0.031,0.012,
1257299843950641153,Anan62712520,0.005,0,0.048,0.009,
4524190600,izw1041,0.005,0,0.048,0.009,
2888152751,ThaOfficialTJ,0.011,0,0.110,0.014,
1433556140051157005,Just_Alan2021,0.005,0,0.048,0.009,
1510023002137800704,Glomenaries88,0.005,0,0.031,0.008,
1487155106328072199,DianaT192,0.005,0,0.008,8.129e-04,
1252341005417922561,S_Peace1082,0.005,0,0.028,0.003,
1305951967722831872,32stCubano,0.005,0,0.031,0.008,
506912325,ANTHONY54W,0.030,0,0.087,0.041,
2951501725,lds123gmailcom1,0.005,0,0.031,0.008,
140415438,sgon11,0.005,0,0.031,0.008,
731886457799999488,Mzahem_Alsaloum,0.030,0,0.102,0.030,
876539157060833280,narit_by,0.011,0,0.039,0.014,
973747534593167360,DopModi,0.011,0,0.059,0.019,
1312049760317120513,andreha12765643,0.048,0,0.134,0.062,
4861315633,betterworld99,0.011,0,0.048,0.018,
1463109054880837640,lihansheng5,0.017,0,0.047,0.004,
1080597771290271744,grebgrad,0.005,0,0.005,0.001,
1215555400512094210,MgaAwit_,0.005,0,0.005,0.001,
4703100438,seriafx,0.011,0,0.012,1.342e-05,
1032125483519856640,elepsbaguio,0.014,0,0.008,0,
1267218665239220224,iandavidp,0.005,0,0.006,0,
2982543044,acrpascual,0.005,0,0.005,0.001,
1431456225057595393,deduro_siegfred,0.005,0,0.005,0.001,
421016167,raxhelanne,0.005,0,0.005,0.001,
1662456378,dimasiiilaw,0.005,0,0.025,1.068e-05,
1115213444578402304,PilipinasScm,0.138,0.500,0.027,2.850e-04,
63689241,TheKejOfGlory,0.139,0.500,0.035,2.903e-04,
2912919913,murasakiigasuki,0.005,0,0.005,5.353e-04,
357657083,Nick_VOBG,0.005,0,0.033,0.001,
119593082,FOXSoccer,0.006,0,0.064,0.001,
840438794,PutAhPriceOnIt,0.005,0,0.005,0.002,
1150596617696792576,lafcyak,0.011,0,0.037,0.002,
1161821873526755329,KurtStahlUSMC,0.017,0,0.017,8.161e-04,
993308622422556672,LAFCCentralShow,0.006,0,9.389e-04,9.765e-04,
1142268080,uAlrdyKnoWaItIz,0.005,0,0.022,6.475e-05,
1586727434,PVM388,0.005,0,0.029,0.002,
867527992620089344,CollinSLKoh,0.007,0,0.005,6.484e-05,
1260901057565204480,abc9861238,0.005,0,0.049,0.010,
50960481,JapanRepublican,0.011,0,0.056,0.020,
4703767346,coach_donati,0.005,0,0.049,0.003,
114901297,kikitoscout,0.042,0,0.123,0.054,
1273459368890191874,ErskineArmory,0.005,0,0.048,0.010,
1181304724466868224,HermesPaulsen,0.005,0,0.048,0.010,
1512446661070622721,Johnwtroxx,0.005,0,0.048,0.010,
2189425016,jjkim091,0.011,0,0.046,0.011,
38798601,jovicyee,0.005,0,0.026,9.562e-05,
441540997,USAmbPH,0.091,0,0.093,0.002,
1512000700552826881,sagolej,0.005,0,0.009,3.737e-04,
1334806362245783552,Robertarms4k,0.005,0,0.048,0.010,
1642872914,iota2583,0.005,0,0.048,0.010,
70926181,silicataro,0.005,0,0.047,0.010,
1348136616058114048,ShellyForce1,0.042,0,0.115,0.055,
1497649906688958472,puertofv,0.005,0,0.048,0.010,
455795822,daugmoo,0.011,0,0.056,0.017,
1512372368882036742,NEDZHIPLANETANK,0.017,0,0.065,0.025,
3952728313,mirrorballing,0.005,0,0.048,0.010,
827804009469661185,freedomAU21C,0.005,0,0.048,0.010,
1369845164408246274,Po80710916,0.005,0,0.048,0.010,
1404797569386045448,Iloveas32560537,0.011,0,0.047,0.017,
810851798504402944,MAGTravF,0.005,0,0.049,0.010,
1493820130228195331,GokhanHidir,0.024,0,0.126,0.020,
954388280656633856,3rdmaw,0.130,0,0.063,0.026,
1506684921867251714,BoonyaritJoonl1,0.005,0,0.027,0.001,
59872846,ClubCabeza,0.036,0,0.120,0.034,
1237824952113303552,5thSFAB,0.127,1,0.139,0.010,
1087550051574902787,maverick_liwei,0.011,0,0.047,0.008,
186991797,axh24732,0.005,0,0.050,0.005,
890399937455902722,Amit_Singh4GNE,0.017,0,0.047,0.022,
1233519965984174082,Kelley29329754,0.005,0,0.018,0.006,
4567668919,Paradise787,0.005,0,0.010,1.187e-04,
723351122048491523,bellodipper,0.011,0,0.038,0.014,
3197436926,Nori_cb,0.030,0,0.135,0.037,
2791953405,guzlomi,0.011,0,0.059,0.012,
31579874,moriyasut,0.017,0,0.041,0.008,
1371086795346042882,judith30486625,0.005,0,0.018,7.849e-04,
1503594943339798529,Sakhilekhalid,0.005,0,0.011,0.001,
983232669147385856,RayyansElvis,0.005,0,0.011,0.001,
1444565812086411269,CxVolGg0QEKMVfI,0.017,0,0.107,0.011,
1369287947867090945,wuthabbenin,0.005,0,0.011,0.001,
885849167674957824,JimKruger7,0.011,0,0.038,0.001,
1284153127185158144,AntonyKintanar,0.005,0,0.018,7.849e-04,
1498304227340337156,AnnieOa14439310,0.005,0,0.011,0.001,
1109993244300140544,Mafia4Bills,0.005,0,0.011,0.001,
57730696,thack86,0.011,0,0.084,0.006,
1487682361991241728,Jeolito5Jeolito,0.005,0,0.011,0.001,
361105538,tigabelasdetik,0.005,0,0.006,7.849e-04,
1411688250847031297,RobertS31269277,0.005,0,0.018,7.849e-04,
16316083,wavemix,0.005,0,0.011,0.001,
1038781809511682048,romeomendoza501,0.005,0,0.018,7.849e-04,
357860827,ITSilverback,0.005,0,0.011,0.001,
1214936644077457413,Sumond5,0.005,0,0.011,0.001,
303641607,unotakeyoshi,0.005,0,0.011,0.001,
1309505310206439430,manitoucom,0.017,0,0.049,0.008,
80819884,ravejam,0.005,0,0.018,7.849e-04,
1400730703273218050,keithladagaArts,0.005,0,0.007,7.849e-04,
1451769650799276035,KevinIpapo,0.005,0,0.018,7.849e-04,
3421146772,Sophie755339261,0.005,0,0.082,0.009,
1434467923922280448,KaiSkyHunter,0.011,0,0.021,0.002,
249258205,Nature_Richard5,0.005,0,0.018,7.849e-04,
1064099587898642432,exquirent,0.005,0,0.007,7.849e-04,
1445793878548762626,annaquei1,0.005,0,0.007,7.849e-04,
1476035914702852097,JuliusPalamos,0.005,0,0.018,7.849e-04,
1488439079175745538,Atinxneedmoots,0.005,0,0.018,7.849e-04,
83362769,Vitae2day,0.005,0,0.007,7.849e-04,
330306864,lara1574,0.005,0,0.007,7.849e-04,
1599858283,usbong1999,0.005,0,0.018,7.849e-04,
765898838863413248,florespayos27,0.005,0,0.018,7.849e-04,
1375871651879997442,nabetselenoroc,0.011,0,0.083,0.017,
1472105501605638145,allantoshiba11,0.005,0,0.018,7.849e-04,
1263530913498947590,RCumoda,0.005,0,0.059,7.033e-05,
1496277013908553730,Montibon3Pol,0.081,0.500,0.087,2.636e-04,
1240414825596874752,smninews,0.069,0.500,0.087,1.534e-04,
540532607,DZAR1026,0.064,0,0.014,2.326e-05,
49352079,Michael_the_Cat,0.005,0,0.082,0.009,
1467131954860486659,roberts17179030,0.005,0,0.018,7.849e-04,
28693649,Vpedrosa,0.005,0,0.021,7.849e-04,
1598391684,phen0480,0.005,0,0.005,0.001,
44728980,ANCALERTS,0.008,0,0.226,0.002,
1452429693114740737,PCADGOfficial,0.005,0,0.018,7.849e-04,
1246153048860196864,kayakaya66666,0.005,0,0.010,0.003,
142265166,GeneDiGregorio,0.005,0,0.019,4.646e-04,
15872418,ABSCBNNews,0.014,0,0.559,0.002,
173533146,dwiz882,0.005,0,0.002,0,
1458848633806200847,SantikMay,0.005,0,0.018,7.849e-04,
829130191532220416,USARJ_PAO,0.148,1,0.192,0.040,
1140564308465635328,MikeLimaDBA,0.005,0,0.082,0.009,
628819458,KyleaMabe,0.005,0,0.082,0.009,
4434425412,DudeneyN,0.005,0,0.031,0.008,
121621270,engle3717,0.005,0,0.031,0.008,
1450646610757636100,HadXing,0.017,0,0.065,0.025,
76615174,helpusawarriors,0.005,0,0.047,0.002,
1511802440781291521,EmperorSethTet1,0.005,0,0.046,0.002,
838319076850085888,V09DoaP8eqgWlMP,0.005,0,0.010,1.187e-04,
125248923,ManishGadeshiya,0.005,0,0.038,6.629e-04,
1379849189081837572,PhillH17,0.007,0,0.020,6.629e-04,
1359329712980582401,USMC03171,0.005,0,0.046,0.002,
308810129,VTOLsociety,0.005,0,0.047,0.002,
27936658,DASHEKING,0.005,0,0.027,3.789e-04,
1613910571,zemaitis518,0.005,0,0.046,0.002,
922436178636185601,shii_minh,0.005,0,0.006,0,
883172101309386752,AnakbayanUST,0.031,0,0.053,0,
807579481770594304,misterherenow,0.005,0,0.025,1.068e-05,
2897350626,_xaea12__,0.005,0,0.008,0.002,
2635320355,lloydsalibi,0.010,0,0.007,0.003,
1620222817,ushuwushu,0.011,0,0.026,1.070e-05,
1478626276386623489,join__NDMO,0.005,0,0.025,1.068e-05,
3278510262,jersonality,0.017,0,0.028,1.071e-05,
724765470625161218,nathanINAMO,0.005,0,0.007,0,
330826792,rapplerdotcom,0.009,0,0.160,0,
802515200083509248,comrade_p1ngu,0.005,0,0.006,0,
921705760677019648,sustainabeility,0.005,0,0.007,0,
535969477,briecheeze_,0.011,0,0.013,5.218e-06,
1305139218138587136,hailie_siguro,0.005,0,0.008,0.002,
1239891882051686401,mhiss_angel,0.005,0,0.008,0.002,
549766757,newinks,0.005,0,0.008,0.002,
728824901583282176,SOFTSTIX,0.005,0,0.008,0.002,
1094940805599350784,funaayclaver,0.005,0,0.005,5.353e-04,
919882857924853760,aw8eyes,0.005,0,0.005,5.353e-04,
579411773,brockc32,0.006,0,0.038,0.001,
900079815574867968,Todd_spinner,2.771e-04,0,0.001,8.352e-04,
4747292894,jiei_wan,0.005,0,0.048,7.380e-04,
835379979772833793,Jomski_27,0.005,0,0.029,0.002,
1512394385375256585,simonfi21231903,0.005,0,0.029,0.002,
1694120298,CanCGAtlanta,0.056,0.500,0.039,0.001,
921099321172520960,PauGuzATL,0.051,0,0.002,0.001,
491468208,ACIRAtlanta,0.057,0.500,0.044,0.002,
1179834158929076224,ReedAndrew5,0.011,0,0.033,0.007,
262425295,cucojose,0.030,0,0.140,0.018,
1219296463622111232,margaritaferro6,0.005,0,0.010,3.737e-04,
1164314082146603008,zalimaroyjung,0.005,0,0.005,0.001,
1137331911313899520,2019_yoshiko,0.024,0,0.093,0.033,
304132840,Seven_color_ink,0.005,0,0.011,0.006,
3243222877,ABTO_MAT,0.005,0,0.011,0.006,
615811506,Ghostinthereal,0.011,0,0.046,0.014,
1487030690973728769,1212prometheus,0.005,0,0.009,3.737e-04,
1628968362,RAW_FNA_MUSIC,0.005,0,0.046,0.010,
100914532,ginntokii,0.011,0,0.064,0.012,
1678411796,STR727,0.005,0,0.050,0.005,
1111434851079675904,CalZole,0.005,0,0.014,0.006,
1365586213,somdGApilot,0.005,0,0.011,0.006,
1226650868235276288,LucasRo29016443,0.005,0,0.014,0.006,
726915008676921345,garugar76030850,0.005,0,0.010,0.006,
755340339020460032,HepYasar6616,0.005,0,0.019,0.006,
1125725860902899712,liss_uma,0.005,0,0.015,0.006,
2612164220,RandyPeddycoart,0.005,0,0.014,0.006,
1434317911,otomatsu5648,0.005,0,0.014,0.006,
1501345049342201864,b_gle8,0.005,0,0.052,0.005,
1493459780081373185,gpinye5056,0.005,0,0.014,0.006,
1036814163371220993,82nd13,0.005,0,0.027,3.789e-04,
1348426123084918785,WideSnow3,0.005,0,0.011,1.187e-04,
1394861289189482499,HnamjanE2,0.005,0,0.027,0.001,
1281554674428997632,yoshie00630158,0.005,0,0.033,0.008,
1352231142,yymods,0.011,0,0.065,0.012,
2873161344,tanukesan,0.005,0,0.033,0.008,
932015019314659328,mTIBXGExJ4YfKMS,0.005,0,0.033,0.008,
856984530816614400,dtube99,0.005,0,0.010,1.187e-04,
116056117,MAC__V,0.024,0,0.107,0.024,
2320943677,donsw2,0.005,0,0.010,1.187e-04,
1010807215,EmNtirenganya,0.005,0,0.028,0.003,
297666105,BREIBEDJ,0.005,0,0.010,1.187e-04,
185159972,arukimak,0.005,0,0.010,1.187e-04,
294455311,kreuz_zwei,0.005,0,0.033,0.008,
1418238731891318786,HeitaroZ,0.011,0,0.064,0.012,
1263942693912100866,BritishHKGov,0.005,0,0.010,1.187e-04,
1437325146058997761,ichiisennshin,0.005,0,0.033,0.008,
818736782032261120,F2Pq6h8s1UEaW5q,0.005,0,0.033,0.010,
4717416690,nagasakiishida,0.005,0,0.052,0.005,
1350593874155036672,Sukyscra2021,0.005,0,0.052,0.005,
87979936,newgascooker,0.011,0,0.069,0.013,
4511470272,Cow6661Cow666,0.005,0,0.052,0.005,
1240974632154349568,FSXqLCNyFvo81rG,0.005,0,0.010,1.187e-04,
4512963912,gidget_fuentes,0.005,0,0.052,0.005,
549882072,Mr_longshot,0.005,0,0.033,0.008,
122111552,sionmamasan,0.005,0,0.053,0.005,
1113593675110436865,jgsdf_gcc_ardb,0.005,0,0.057,0.005,
1366653623065714690,HansarPapai,0.005,0,0.027,0.001,
533315713,SebGiants13,0.005,0,0.033,0.010,
248114547,TO_RU_1999,0.011,0,0.051,0.018,
1458746884491673601,JuliWo16515037,0.030,0,0.128,0.039,
1476577427615027200,yamada53sei,0.005,0,0.010,1.187e-04,
314411552,twisurfer7,0.005,0,0.010,1.187e-04,
749959927687294976,kuroneko3293,0.005,0,0.052,0.005,
270349890,kawachinagano51,0.005,0,0.010,1.187e-04,
4129522452,kaitosoyokaze1,0.005,0,0.010,1.187e-04,
1135155874480185344,Rysiek76102827,0.005,0,0.033,0.008,
878828574920146944,tiannu_hua,0.005,0,0.010,1.187e-04,
1341793549,andylbj,0.005,0,0.010,1.187e-04,
785818380657831936,TTrapczynski,0.005,0,0.033,0.008,
2315150910,CHERRY_UST,0.005,0,0.033,0.008,
756706553382789121,ojiro302,0.011,0,0.051,0.018,
1278836621035532288,Yu64971559,0.005,0,0.010,1.187e-04,
871192637956435969,Okikurumi_kamuy,0.005,0,0.010,1.187e-04,
1423528562888376322,toreno911,0.005,0,0.010,1.187e-04,
383046887,marikosegawa,0.005,0,0.010,1.187e-04,
90242441,lednight,0.005,0,0.010,1.187e-04,
1152412524966371329,oregakitaworld,0.005,0,0.010,1.187e-04,
1799190817,nabeyaki1,0.005,0,0.033,0.008,
1387276971629944832,CpgUwAUTee4DPoa,0.005,0,0.010,1.187e-04,
80156036,smokingecho,0.005,0,0.010,1.187e-04,
1396957901206421508,ot83GXOIxvj70gp,0.005,0,0.033,0.008,
2754379622,njtkw3921,0.005,0,0.010,1.187e-04,
1338056780,amor_vuelveTX,0.005,0,0.011,1.187e-04,
1182003478786277376,Orchid212X1,0.005,0,0.010,1.187e-04,
1504285365229731840,BarryRush7987,0.017,0,0.061,0.023,
788178359150796800,shank4556,0.005,0,0.034,0.008,
842882665258733568,Carcharodondon,0.005,0,0.033,0.008,
721667688318152705,ChiangM87627691,0.005,0,0.034,0.008,
855944034,SOG55585235,0.005,0,0.034,0.008,
1457942825233190913,ynsato_,0.005,0,0.033,0.008,
920170150011080705,killedbydeath8,0.005,0,0.033,0.008,
1073238673779449856,nocchi_LV_0409,0.005,0,0.033,0.008,
1458556085028388864,Mthatcher1Karen,0.005,0,0.033,0.008,
2570067865,YokotaAirBase,0.005,0,0.047,0.008,
1335521326514126848,NAKA70715533,0.005,0,0.052,0.005,
135656924,laniemon,0.005,0,0.033,0.008,
841850514849517569,HiroGallery,0.017,0,0.091,0.016,
1180315088537845761,blackkey_kirito,0.005,0,0.033,0.008,
15193667,matiere,0.005,0,0.034,0.008,
852503424,firefox763,0.005,0,0.033,0.008,
60780206,ExecutiveOtaku,0.005,0,0.034,0.008,
922915933,O_Z_S_K,0.005,0,0.033,0.008,
2881789926,Ta5oEgrr1999,0.017,0,0.067,0.014,
1092891589297532929,olainpekun,0.005,0,0.034,0.008,
1298077816567685120,thursdaynine,0.005,0,0.018,7.849e-04,
1049196099007733760,tmtcathyvalente,0.005,0,0.019,0.001,
63411616,TheManilaTimes,2.771e-04,0,0.001,0.001,
1462042723255418881,JohnDexterCruz5,0.005,0,0.005,0.001,
55118669,PhilstarNews,0.018,0,0.047,0.001,
186618398,Cfgtocw,0.005,0,0.019,7.849e-04,
29614894,davidlitz,0.005,0,0.008,7.849e-04,
39255818,ivasby,0.005,0,0.007,7.849e-04,
1375824331876364291,Meowmiao14,0.005,0,0.018,7.849e-04,
2881534563,williamwooten94,0.005,0,0.010,0.003,
1392722780987088898,Johnbee4u,0.005,0,0.007,7.849e-04,
994294748,abetga,0.005,0,0.007,7.849e-04,
915528910049222657,BoycottHegemony,0.005,0,0.022,7.849e-04,
1965607242,FrancCrist,0.005,0,0.018,7.849e-04,
948014053955272704,altalltv02,0.005,0,0.018,7.849e-04,
1107831770001477632,junepineda8,0.005,0,0.024,7.849e-04,
1323467562366066689,SgmAbn,0.005,0,0.083,0.009,
1493032050764353536,BrianT_Thomas5,0.005,0,0.046,0.008,
59497730,Robert__Beltran,0.005,0,0.010,0.003,
1365087755387219970,SOLDIERKIDHOOAH,0.005,0,0.010,0.003,
1237074032903598081,george_STYX,0.005,0,0.018,7.849e-04,
1384453152884236294,ButchLe46447419,0.005,0,0.006,0,
2811559122,cnnphilippines,0.049,0,0.126,4.193e-05,
1454096627287744516,Annekho20,0.005,0,0.059,7.033e-05,
461853598,dzbb,0.110,0.500,0.046,0.002,
1459144189531148291,Santy07B,0.011,0,0.023,0.002,
1059560658142879745,stagatha2,0.005,0,0.007,0,
710249838,IvanSucgang_LFS,0.013,0,0.011,2.803e-04,
1173373472,trell_man,0.005,0,0.006,0,
1065622335380582400,jazmasigan_2,0.011,0,0.023,0.002,
1429561775549079552,mariaanna022607,0.005,0,0.059,7.033e-05,
1384150550757797894,SNghy7E9Z38clhr,0.005,0,0.005,0.001,
41559330,yadoran17,0.005,0,0.005,0.001,
51030562,newsbreakph,0.005,0,0.006,0,
1371855298441453569,MarkRussellKni1,0.005,0,0.046,0.008,
2445657906,_markieesteven,0.005,0,0.024,8.794e-04,
3066238416,MMakalalad,0.098,0.500,0.041,0.002,
4823808118,mwakughu006,0.005,0,0.046,0.008,
392580766,mariko_sUKI277y,0.005,0,0.047,0.008,
1435987785123606529,KATODAI04900594,0.005,0,0.046,0.008,
1005738156665106433,tribunephl,0.005,0,7.934e-04,0,
595377339,KarenOwYong,0.005,0,0.057,1.340e-04,
74886399,dzrhnews,0,0,0.001,1.697e-06,
122607866,anjo_bagaoisan,0.023,0,0.282,0.003,
1241726334772051970,MilitaryMonitor,0.005,0,0.047,0.008,
1450637710348021770,EdUsher46,0.005,0,0.019,7.849e-04,
92174767,DZMMTeleRadyo,0.008,0,0.324,0.002,
1390931524137017346,Mizushi_O,0.005,0,0.009,0.001,
776622292025606145,NewsRmn,0.005,0,0.001,0,
125519902,MCB_Hawaii,0.006,0,0.006,4.987e-04,
943497439146778624,Anastas99388564,0.005,0,0.059,7.033e-05,
3376588993,ignacio_olivia,0.011,0,0.081,1.939e-04,
1393383788562894849,Glends78258313,0.005,0,0.059,7.033e-05,
1450010787586535424,MannyPerez17,0.005,0,0.018,7.849e-04,
297418612,migz4u,0.005,0,0.018,7.849e-04,
815541743286259712,CerseiQ,0.005,0,0.018,7.849e-04,
1538048353,DUTS_BBM_SARA,0.005,0,0.005,3.338e-06,
1127803419278790656,Starboymendes1,0.011,0,0.071,0.016,
860909024266436608,Storm5589,0.005,0,0.046,0.008,
896496644656685056,straitarrow10,0.005,0,0.048,0.008,
1024650949049176064,thedoctorofwar2,0.005,0,0.046,0.008,
203475322,cbzer0,0.005,0,0.006,5.326e-05,
1597547726,LakayNiLakay,0.005,0,0.006,1.839e-04,
36955864,modeane,0.011,0,0.046,0.002,
633894947,pac12,0.006,0,0.005,7.535e-04,
447181951,dlbjrbaird,0.005,0,0.019,0.001,
964885009,TravisRGray,0.007,0,0.002,0.001,
1034833974525407232,SGT_Noa,0.005,0,0.029,0.002,
1175651375595704320,DefensePitz,0.005,0,0.001,0,
26980273,kozakj,0.115,1,0.041,4.923e-06,
1734618349,AyeshaRekhi,0.115,1,0.108,4.985e-06,
82306946,USEmbassyPrague,0.128,1,0.072,3.788e-04,
2817062262,CanEmbCZ,0.052,0,0.001,0,
156989767,Yi34,0.011,0,0.051,0.003,
1498972248325214209,mido_catic,0.005,0,0.067,5.829e-04,
1007994165026697217,phat3951,0.011,0,0.049,0.014,
1075939624076304384,aag_th,0.013,0,0.051,0.014,
123157853,TeguhOstenrik,0.005,0,0.007,7.849e-04,
1338994562090602497,SecDef,0.162,0,0.380,0.012,
1350150750966603777,SecBlinken,0.191,0,0.374,0.011,
2785294014,DESRON_7,0.130,1,0.160,0.018,
16565260,flynavy,0.125,0,0.070,0.015,
2493948451,PhilAirForce,0.070,0,0.047,0.005,
1482341826149470210,g31161341,0.005,0,0.104,0.005,
841108085687123969,alan_welchert1,0.005,0,0.030,0.003,
4155456705,glenn807,0.011,0,0.105,0.008,
1895179555,Khan1Nk,0.011,0,0.059,0.010,
60974791,nick41005,0.011,0,0.096,0.011,
814000958770413568,RealDX13,0.005,0,0.104,0.005,
1489181198828154885,Alighandi8,0.005,0,0.031,2.859e-04,
54549682,sanbernman,0.011,0,0.112,0.010,
1053472456969728003,17Filhao,0.005,0,0.104,0.005,
1215290525286199296,Spica_Elifia,0.011,0,0.096,0.011,
1486413380,InfoAeroQuebec,0.005,0,0.105,0.005,
1360733505416749056,Weezy24870504,0.005,0,0.104,0.005,
1117225159365144577,MariaEvaAsun,0.005,0,0.031,2.859e-04,
1226140092,jose_baha,0.005,0,0.064,0.005,
227705110,statlynks,0.005,0,0.029,0.008,
88915116,DariusRadzius,0.005,0,0.031,2.859e-04,
1404442835517050886,andresg41541603,0.005,0,0.025,0.002,
16479017,AirMobilityCmd,0.006,0,0.027,0.002,
258788589,Pierre018,0.005,0,0.031,2.859e-04,
2255124486,MullerLu_TW,0.005,0,0.104,0.005,
2325694279,JohnMinehan1,0.005,0,0.033,0.010,
246930965,Colchester1891,0.005,0,0.104,0.005,
582200009,JamRam91,0.005,0,0.031,2.859e-04,
249118156,SAHOWARA,0.005,0,0.031,2.859e-04,
1423114617325301763,ttvrabbits,0.005,0,0.030,0.003,
525629722,moof52,0.011,0,0.040,0.015,
2947950695,52e6cd4d5468465,0.011,0,0.049,0.003,
1432997751537774603,jagdish_2204,0.005,0,0.031,2.859e-04,
1442912069045534720,Join_Navy_PR,0.011,0,0.041,0.015,
18341645,golfg_d,0.005,0,0.031,2.859e-04,
84155547,USAndMumbai,0.005,0,0.037,2.859e-04,
403802054,HenryNoboaA,0.005,0,0.031,2.859e-04,
1266145259718955010,Lapointe_JP,0.011,0,0.043,5.718e-04,
25702596,facdd,0.005,0,0.030,0.003,
118237177,eagleyasu,0.005,0,0.030,0.008,
1287186958524002304,Georgin17111550,0.011,0,0.043,0.016,
1060298590801682432,Mit94787558,0.005,0,0.052,0.005,
1287784028934795265,tomasu1204,0.005,0,0.020,0.006,
1511125720503881736,PeterWarne14,0.005,0,0.020,0.006,
1261774075,haydeedelpato28,0.005,0,0.032,2.859e-04,
453094013,Unk26,0.005,0,0.020,0.006,
1209804661038841859,LfCtdy7,0.005,0,0.020,0.006,
845981933754499072,JapariAircraft,0.005,0,0.020,0.006,
1044091703584448512,Gawa_03RK,0.005,0,0.020,0.006,
1309854699965706240,mod01re20912,0.005,0,0.020,0.006,
549217350,syatekiya072,0.011,0,0.047,0.016,
754527301077831680,cia4150,0.005,0,0.020,0.006,
1260756738615070721,iki_rikushi8492,0.005,0,0.020,0.006,
1041603684637917185,Q44kL8XzIH8oshs,0.005,0,0.020,0.006,
730107217014341632,FinmannJ,0.005,0,0.020,0.006,
633553947,LegalLeadTheWay,0.005,0,0.008,0,
2590721768,CDF_Aust,0.014,0,0.013,3.668e-06,
29499299,OopaliOperajita,0.005,0,0.031,2.859e-04,
1070960078629425152,xj99k63kPVdK96w,0.025,0,0.175,0.008,
1172411775934849029,JASDF_PAO_ENG,0.113,0,0.121,0.005,
1320948354008838145,syou10349646,0.005,0,0.033,0.010,
70955722,USAandEurope,0.005,0,0.031,2.859e-04,
493675962,Defeatism_Man,0.005,0,0.020,0.006,
3804356595,Prukfi,0.005,0,0.020,0.006,
1014153209433055233,mazuna_gp,0.005,0,0.020,0.006,
1411633993259229185,MadrasTelegram,0.005,0,0.031,2.859e-04,
910123708253052929,herohatta,0.011,0,0.033,2.860e-04,
1205475859055775744,Chandudada8,0.005,0,0.031,2.859e-04,
1135159747676524544,RavenReborn0602,0.011,0,0.044,0.016,
781926224,FunakiHideaki,0.005,0,0.020,0.006,
1505994715044487173,WorldinFocusHD,0.005,0,0.020,0.006,
2506235305,JogoBonitoUSA,0.005,0,0.020,0.006,
1377727969867747331,OTorredelmar,0.005,0,0.033,0.010,
957504464163807233,Def_PRO_Chennai,0.005,0,0.032,2.859e-04,
1433710841715589121,JDyH9OxYKjvMQqq,0.011,0,0.044,0.016,
25962170,MyPresident21,0.005,0,0.031,2.859e-04,
1691235944,catplanet_,0.005,0,0.020,0.006,
1224408214156070913,Danny160598,0.005,0,0.033,0.010,
1484858918329360387,enginaayr,0.005,0,0.020,0.006,
967490341,muhr1dwn,0.005,0,0.020,0.006,
783095775781908480,Maxwell39424112,0.005,0,0.020,0.006,
726513218,KyleRoy43,0.005,0,0.020,0.006,
1441266898931380229,DeniasHlw,0.005,0,0.020,0.006,
221022215,kousoku_na_page,0.011,0,0.043,0.016,
1437049280657862658,JardaSt1,0.005,0,0.033,0.010,
3774128121,dprohyd,0.005,0,0.032,2.859e-04,
1088494668357214208,mirko60036887,0.005,0,0.020,0.006,
1119097371827159040,RCZqFCIEy4PqWGq,0.005,0,0.020,0.006,
978894471806050304,proshillong,0.005,0,0.032,2.859e-04,
1487072185114152964,DonRobe22418909,0.011,0,0.055,0.008,
1492170215865872385,intelinside0118,0.005,0,0.031,2.859e-04,
1100416763613696001,Rich19_,0.005,0,0.033,0.010,
104691861,verodianeth,0.005,0,0.033,0.010,
997837603587080192,Ponnkotu50dai,0.011,0,0.044,0.016,
784386616810885121,OPLighter,0.005,0,0.020,0.006,
145596452,hamazk,0.005,0,0.020,0.006,
251377054,adil_ansari64,0.005,0,0.031,2.859e-04,
819910983028064256,marine920T,0.005,0,0.020,0.006,
1506817627070423043,prowolf77,0.005,0,0.033,0.010,
35709217,eastseanews,0.005,0,0.020,0.006,
1372492949506887680,DVXz0jpdIDNIzEW,0.005,0,0.020,0.006,
1480164071328858115,fusufuru24,0.011,0,0.043,0.016,
1209957705428942848,DanceTonymor,0.005,0,0.008,0.001,
3436260869,VicEthridge,0.005,0,0.020,0.006,
1849402009,Gonzalo_1995_Se,0.005,0,0.020,0.006,
1717666478,naossm68,0.005,0,0.020,0.006,
164600645,bocacerrad4,0.005,0,4.857e-05,0,
879445172,patriciajoan_,0.005,0,0.006,1.341e-05,
1018027650894344192,d4rline,0.005,0,0.006,1.341e-05,
1277761306376892416,pagkabagabag,0.005,0,0.006,1.341e-05,
551677109,liyantamares,0.005,0,0.006,1.341e-05,
1332422155749847041,orbitching8,0.005,0,0.006,1.341e-05,
942403230348087297,theyveiverson,0.005,0,0.006,1.341e-05,
1425846196761858055,redwyn_z,0.005,0,0.006,1.341e-05,
830645225160740864,akrvitor,0.005,0,0.006,1.341e-05,
2849014422,Lani39Lei,0.012,0,0.006,0,
2835521801,littledolldoc,0.005,0,4.276e-04,0,
68130242,martinmc1701,0.005,0,4.194e-04,0,
1421547837117108226,AylerDoc,0.011,0,0.041,0.015,
1086288951344648192,JuweelRana5,0.011,0,0.065,0.016,
905865565604106242,ssgbostic19k,0.005,0,0.088,0.008,
558903816,oldworldsoul76,0.005,0,0.061,0.008,
730030629648097280,sofiacclvi,0.005,0,0.007,6.921e-05,
281503159,dauerhc,0.005,0,0.043,0.002,
312791677,darealnjennings,0.005,0,0.067,5.829e-04,
1328205567161114624,NickJon46108833,0.005,0,0.068,5.829e-04,
273819343,TigerGroupDubai,0.011,0,0.045,0.015,
1381515069071106049,Meow20080634,0.011,0,0.028,0.015,
1424541312636776457,MasPujangga99,0.005,0,0.060,0.008,
137521303,BelovedofGod,0.005,0,0.031,0.008,
1498015223424471041,b001_steve,0.005,0,0.031,0.008,
141170580,seawolf19910411,0.005,0,0.061,0.008,
76665879,ruliharahap,0.005,0,0.064,0.008,
68698703,JMRamos1701D,0.005,0,0.062,0.008,
1444378380267229185,DemocraticDaisy,0.005,0,0.003,0,
1323465981784592384,Gavino56117350,0.005,0,0.005,0,
1448826178685440003,t_donabel,0.005,0,0.005,0,
1500244448957149193,RaptorOne9,0.079,0.500,0.038,0.001,
1427397671409487886,MarkMinhNguyen,0.079,0.500,0.020,9.776e-04,
183627591,willans_nsx,0.011,0,0.040,0.005,
787881938941902848,Eusebius64,0.005,0,0,0,
1492624686584373253,dinahforjustic4,0.011,0,0.043,0.016,
1069485829201035265,corsair_the,0.005,0,0.020,0.006,
940361293701287938,GonzaloGHin_,0.005,0,0.031,2.859e-04,
1153531941909483521,VF9cgDcWd2BwmnP,0.005,0,0.031,1.417e-04,
1320190957296492547,zhiyitw33,0.007,0,0.061,2.895e-04,
1336979933462204416,EllisSm77336657,0.005,0,0.031,1.417e-04,
15653883,MikeSchuler,0.005,0,0.021,0.006,
1190608978218086400,1016arare,0.005,0,0.020,0.006,
1095959053149208581,Lakhbir40842445,0.005,0,0.020,0.006,
119883355,TimDocChoi,0.005,0,0.021,0.006,
2765800196,_nishizawa_,0.005,0,0.020,0.006,
1474784224158924808,JamesRe39604162,0.005,0,0.020,0.006,
1040002005039767553,Alexxhlxhl,0.005,0,0.020,0.006,
398601686,ISAACMENSAH13,0.011,0,0.033,0.013,
56630900,paparacchi,0.005,0,0.020,0.006,
23604785,BillieO2,0.005,0,0.021,0.006,
900770636,marcelmeister2,0.005,0,0.020,0.006,
725805882815221760,aPrettyFvckBoy,0.005,0,0.021,0.006,
122870515,micky_osaka,0.005,0,0.020,0.006,
1496678751043825667,AllHailKitteh,0.005,0,0.020,0.006,
846078295,ga_richardson,0.018,0,0.077,0.002,
1537715586,charles_finny,0.006,0,0.002,9.728e-04,
46647130,thrunch,0.005,0,0.020,0.006,
3057759609,NikolasVision,0.005,0,0.031,2.859e-04,
2221531154,Oceandontmatter,0.005,0,0.020,0.006,
1098976621778821124,Lexars_JP,0.005,0,0.020,0.006,
1318166756,rustscrew,0.005,0,0.020,0.006,
2429023207,rithikmanoj,0.005,0,0.031,2.859e-04,
712258403167559681,oleksiimakhotin,0.005,0,0.020,0.006,
4604350872,Tripathy1992,0.005,0,0.031,2.859e-04,
1029663452372058112,berlinaffaires,0.005,0,0.031,2.859e-04,
330414774,evenspl,0.005,0,0.031,2.859e-04,
1301116544513007622,OriginalWalaAdi,0.005,0,0.031,2.859e-04,
1075888255890001920,ONI_Intel,0.005,0,0.020,0.006,
1293603924834885635,yash__acharya,0.005,0,0.031,2.859e-04,
472092482,adarshahgd,0.005,0,0.031,2.859e-04,
1460282107,MartyMeiners,0.005,0,0.031,2.859e-04,
45184617,lalitkjha,0.005,0,0.031,2.859e-04,
343982309,patrickstoneqa,0.005,0,0.021,0.006,
979691299715633152,Atomic_Chess,0.005,0,0.031,2.859e-04,
148208800,ChallaLaw,0.005,0,0.031,2.859e-04,
2864049126,medjed_7,0.005,0,0.020,0.006,
799096424927367168,shubham19767400,0.005,0,0.031,2.859e-04,
826733395,mizuwashi,0.005,0,0.021,0.006,
1506824648192933893,10mStudy,0.005,0,0.031,2.859e-04,
3287712416,twrdtw,0.005,0,0.020,0.006,
1511201152880492545,Wartrack101,0.005,0,0.020,0.006,
609194623,teiboutaskforce,0.005,0,0.020,0.006,
756070071630434305,Gh0str1dr91,0.011,0,0.057,0.010,
884012150263472128,ghostawacs2,0.005,0,0.020,0.006,
3179827738,JanDabo,0.005,0,0.020,0.006,
1065376343703965698,radioest,0.005,0,0.020,0.006,
167383220,mitokichi_x,0.005,0,0.020,0.006,
1034834942,nagatob777,0.005,0,0.020,0.006,
28380483,hahaha3,0.005,0,0.022,0.006,
372449148,USN_Submariner,0.005,0,0.027,0.006,
1383468554377261070,tinfoilhat1984,0.005,0,0.020,0.006,
15691729,Nick_Barnes,0.005,0,0.020,0.006,
1972372730,advsubhashsiyag,0.005,0,0.031,2.859e-04,
307214153,shreyasmahajan1,0.005,0,0.031,2.859e-04,
1434807667793424385,BhardeAdam,0.005,0,0.031,2.859e-04,
1272863244739198977,darshan12599,0.005,0,0.031,2.859e-04,
1444719585673023493,Asia_20210707,0.005,0,0.031,2.859e-04,
208366291,USAndKolkata,0.005,0,0.035,2.859e-04,
250684785,DougDlouhy,0.005,0,0.031,2.859e-04,
127911494,jcmc2011,0.005,0,0.031,2.859e-04,
2158855397,fonda_mae,0.005,0,0.031,2.859e-04,
1285816680011173888,DouglasWalton99,0.005,0,0.031,2.859e-04,
881687970222194689,MeghannSulliv10,0.005,0,0.098,0.003,
1389517324823277568,mitulkansara91,0.005,0,0.031,2.859e-04,
4824127323,Seagal121,0.005,0,0.031,2.859e-04,
1084440330806521858,PALLAB_7777,0.005,0,0.031,2.859e-04,
1495278824182923267,byblackgold1948,0.005,0,0.031,2.859e-04,
1398532436,njervis65,0.005,0,0.031,2.859e-04,
1474566176,SanksP,0.005,0,0.031,2.859e-04,
1157440529304604678,diplo_cat,0.005,0,0.031,2.859e-04,
120403022,gopitweet,0.005,0,0.031,2.859e-04,
1464582321533767695,Investor188,0.005,0,0.031,2.859e-04,
204661628,USAndChennai,0.005,0,0.035,2.859e-04,
1262965547412738048,_augustus456,0.005,0,0.031,2.859e-04,
49330590,Aparna_Pande,0.005,0,0.032,2.859e-04,
905429012075315200,PrernaShahi4,0.005,0,0.031,2.859e-04,
1446422907840651269,denverguy217,0.005,0,0.031,2.859e-04,
2328829518,ML3democrats,0.005,0,0.031,2.859e-04,
41766933,angels4us,0.005,0,0.031,2.859e-04,
1493449712158052354,realLevinKalema,0.005,0,0.016,0.006,
555465800,TheDecider25,0.005,0,0.031,2.859e-04,
1156761839876935681,daniels28654575,0.005,0,0.031,2.859e-04,
823208500910313478,papijones4,0.005,0,0.031,2.859e-04,
1455053718680838145,Titor_Tt0,0.005,0,0.031,2.859e-04,
1364374610922323972,ACurrle,0.005,0,0.031,2.859e-04,
876632298166341632,SamGeltner,0.005,0,0.031,2.859e-04,
2570653935,maeroespacial,0.005,0,0.017,0.006,
3330362494,gmg2170,0.005,0,0.031,2.859e-04,
3224252246,LovingVolTrav,0.005,0,0.031,2.859e-04,
241580381,balouor,0.005,0,0.031,2.859e-04,
1400973042487115777,cop_american,0.005,0,0.031,2.859e-04,
812760079116206081,TyiauniaHarris1,0.005,0,0.031,2.859e-04,
876754004,gussy173,0.005,0,0.031,2.859e-04,
19644337,maliniw90th,0.005,0,0.031,2.859e-04,
865317470,AbayomiABakare,0.005,0,0.031,2.859e-04,
83294661,TLX_Co,0.005,0,0.031,2.859e-04,
14219103,betseymerkel,0.005,0,0.031,2.859e-04,
31212830,Birdseye1,0.005,0,0.032,2.859e-04,
987881405911887873,SRO66793954,0.005,0,0.031,2.859e-04,
930603304362676225,ArgentinaCred,0.005,0,0.031,2.859e-04,
1161930318594445312,apoorva11447,0.005,0,0.031,2.859e-04,
104664862,mistyrose54,0.005,0,0.031,2.859e-04,
1422174968045965312,SameerD70490277,0.005,0,0.031,2.859e-04,
488373285,MishraSylvia,0.005,0,0.031,2.859e-04,
1107143226664910849,DCBunkerJr,0.005,0,0.031,2.859e-04,
1442939824558718976,Brilhasti999,0.005,0,0.031,2.859e-04,
1268049341941534723,VaniRao1,0.005,0,0.031,2.859e-04,
41533816,USAndIndia,0.005,0,0.049,2.859e-04,
3150913182,GarimaMo,0.005,0,0.031,2.859e-04,
706560632343171072,wanda_sgro,0.005,0,0.031,2.859e-04,
1694002507,ladyinlksd,0.005,0,0.031,2.859e-04,
1463204076934479873,BSportmastik,0.005,0,0.031,2.859e-04,
335996055,PentagonPresSec,0.005,0,0.044,2.859e-04,
1206591791576862723,DarrenHumanity,0.005,0,0.031,2.859e-04,
28834750,Charvettebey,0.005,0,0.031,2.859e-04,
1309646195585941505,DinoJohnson98,0.005,0,0.031,2.859e-04,
1344427314,nifarp,0.005,0,0.017,0.006,
1123237556496228354,needlesineyes,0.005,0,0.027,0.002,
3431122335,USAmbKeshap,0.011,0,0.073,0.013,
336333450,GardaAramis,0.011,0,0.040,0.014,
1323090359581200385,Alva1588,0.011,0,0.055,0.004,
43502354,rullys,0.005,0,0.027,3.789e-04,
1150225766677827584,airsoftkumasan1,0.005,0,0.045,0.005,
39082190,edgertontj23,0.005,0,0.016,0.006,
937502158676742145,KCChampDon,0.005,0,0.016,0.006,
1413216955121680385,Sigma19001,0.005,0,0.016,0.006,
3072288740,JIATFWest,0.006,0,0.040,0.001,
1067308099,coastguardph,2.771e-04,0,0.001,8.352e-04,
828123709495840770,MasakiKudo59,0.005,0,0.021,0.006,
572304001,Typhoon15_BUZZ,0.005,0,0.033,0.010,
614610446,MichaelKMurtagh,0.005,0,0.020,0.006,
203757008,mmmWeiki,0.005,0,0.020,0.006,
866689532,Last2ndFleetCMC,0.005,0,0.021,0.006,
1313146068767584259,rockyreptilian1,0.005,0,0.033,0.010,
3094912196,UNCF_BBY_01,0.005,0,0.020,0.006,
1503788953270468609,Armass193,0.005,0,0.033,0.010,
1491528200912084998,SkullGeopolitic,0.005,0,0.033,0.010,
1413466639136223242,Rolandjansuman,0.005,0,0.033,0.010,
2410659768,razhuyarevatel,0.005,0,0.033,0.010,
1018440351135092736,Youichi4110,0.011,0,0.050,0.017,
970342982678298624,FOREX132,0.005,0,0.033,0.010,
338712174,TeamBarksdale,0.056,0,0.012,3.737e-04,
1443618306716471304,ANRALCOM,0.052,0,0.012,5.623e-04,
1448368746041647108,CounselorDOS,0.052,0,0.004,4.975e-05,
493480037,ObranaTweetuje,0.051,0,0.010,5.308e-04,
18753424,sunriseon7,0.006,0,0.022,9.728e-04,
744166663,onerbicakci,0.005,0,0.032,0.007,
877449874555387905,matarou459,0.011,0,0.060,0.011,
1434459020987752463,kita_walk,0.011,0,0.050,0.010,
1080819766242279425,O_layode_,0.011,0,0.060,0.011,
1497899853145329666,Fiona08766135,0.005,0,0.032,0.007,
384182626,AzaviaE235,0.005,0,0.034,0.007,
1010171727412772864,air_spirits,0.005,0,0.032,0.007,
3155702215,harmony451401,0.005,0,0.032,0.007,
1445493827544834053,CCP80223178,0.005,0,0.032,0.007,
1015748022800564224,jack9pk,0.005,0,0.034,0.007,
257048326,mlcakp,0.005,0,0.005,4.796e-06,
1016668035455815680,chuchlaCZ,0.005,0,0.005,4.796e-06,
1513380994287472642,zhouxiaofang6,0.024,0,0.043,0.002,
1138538286182387712,Angelic00801275,0.005,0,0.054,1.340e-04,
1514302967142227970,Surendr31391892,0.005,0,0.006,0.002,
579561567,Xezdamsel37,0.066,0,0.132,0.012,
491833251,oceanpinetree,0.005,0,0.009,2.070e-05,
268016211,8thTSC,0.061,0,0.023,0.002,
385308260,MARAVICTORIACAM,0.005,0,0.045,0.002,
2623031806,Koolholio,0.011,0,0.076,0.005,
1044154931198849025,helenww9,0.011,0,0.039,0.005,
226530650,foggynightshado,0.005,0,0.046,0.002,
1613819856,absmom1,0.005,0,0.046,0.002,
1000107655518711808,markslezak2,0.005,0,0.046,0.002,
1378062217761918978,Terri17057719,0.005,0,0.046,0.002,
342954124,JoshShockey7,0.005,0,0.046,0.002,
36246871,TeeKay118,0.005,0,0.047,0.002,
1126958241097895936,GermanJMorales1,0.005,0,0.046,0.002,
1038475633918177281,ScottMFoltz1,0.005,0,0.046,0.002,
1023055032,ChuckCooperCC,0.005,0,0.046,0.002,
1331342493598834702,Christo36841352,0.005,0,0.047,0.002,
1060767751,hendyvivy,0.005,0,0.046,0.002,
3042177804,pattys0033,0.005,0,0.046,0.002,
283045699,susieq1007,0.005,0,0.046,0.002,
44505022,SnowbunnyTTV,0.005,0,0.047,0.002,
138796157,RacketED17,0.005,0,0.047,0.002,
1233647779832094720,Vandelay2A,0.005,0,0.020,0.006,
160219359,GoGo_Amako,0.005,0,0.047,0.004,
364695725,marbien_cc,0.005,0,0.020,0.006,
1354064101761277952,VikashSananda,0.005,0,0.022,0.013,
107729108,pocetio,0.005,0,0.020,0.006,
70668446,wireout,0.005,0,0.020,0.006,
210226021,evolutionarypsy,0.005,0,0.026,0.006,
227172435,twigwam,0.005,0,0.021,0.006,
1066275282653536256,Bassaces1,0.005,0,0.020,0.006,
1387641838765490176,SIMCONTROL1,0.005,0,0.020,0.006,
1266724225445920768,Cotton202200224,0.005,0,0.020,0.006,
817301751309148160,Cancer_____69,0.005,0,0.020,0.006,
1376184615455629313,DzhaKairat,0.005,0,0.020,0.006,
95790678,chihuu,0.005,0,0.021,0.006,
1221266273176379392,TacitBlau,0.005,0,0.020,0.006,
3262310945,don_sadonoff,0.005,0,0.020,0.006,
274206539,BenedictMPWhite,0.005,0,0.021,0.006,
826672360254169089,FBKPAjh3dUVboZ6,0.005,0,0.029,0.003,
1511649305710542849,GiVeN2FlY45,0.005,0,0.029,0.003,
1461109160922304523,HusmannThorsten,0.005,0,0.020,0.006,
1498643920678490117,KfonGru,0.005,0,0.020,0.006,
1437118501844574224,heyorson,0.005,0,0.020,0.006,
1267161222887157760,hi_im_jake__,0.005,0,0.020,0.006,
4645237240,JimmySecUK,0.005,0,0.036,0.006,
968302342989893634,protik_majumdar,0.005,0,0.021,0.006,
492377731,THEREALFABP,0.005,0,0.044,0.006,
260361975,chisaziga,0.005,0,0.104,0.005,
1434998193297756165,navysandiego,0.005,0,0.104,0.005,
286983759,jedimaster320,0.005,0,0.048,0.004,
1475140461392285698,Tru_LIBERTY,0.005,0,0.029,0.007,
3261003656,Kikkawa_Tamon,0.005,0,0.048,0.004,
750502701457440768,RocketMan6510,0.005,0,0.059,0.003,
1229767833036345345,JoeyJAC02496304,0.005,0,0.031,8.794e-04,
4749974413,USForcesKorea,0.007,0,0.063,0.003,
210729774,SurajRai0889,0.005,0,0.031,2.859e-04,
129389158,cloud_stream,0.005,0,0.048,0.004,
631851140,GalloVOA,0.005,0,0.033,8.794e-04,
455829895,Mame____DouShou,0.005,0,0.021,0.006,
4834005858,Kingsman_IN,0.005,0,0.031,2.859e-04,
813763484227932161,Rakesh_barkiya,0.005,0,0.031,2.859e-04,
1872223814,InsdataInter,0.005,0,0.031,2.859e-04,
1210229651135778818,provo1337,0.005,0,0.029,0.007,
1392289621,00000_g,0.005,0,0.048,0.004,
2742164083,131213227c8e44f,0.005,0,0.031,2.859e-04,
1036563014005268480,HPolkki,0.005,0,0.048,0.004,
883073514747469824,MossadJapan,0.005,0,0.047,0.004,
1430842536185110535,4mHcsPsfA790FsH,0.005,0,0.047,0.004,
41228046,HarryJFriel28,0.005,0,0.048,0.004,
361978119,Viren_Doshi,0.005,0,0.022,0.002,
1410037232937803777,USIRCOnline,0.018,0,0.046,0.005,
1480611071316869120,Popopotato,0.005,0,0.104,0.005,
1150808563255844865,JulieWeitzel2,0.005,0,0.059,0.003,
1410428882474344454,E07017,0.005,0,0.029,0.007,
1424059864527949825,la_roche1,0.005,0,0.029,0.007,
1446763412650741762,LocNguy45551891,0.005,0,0.031,2.859e-04,
1275927619226095616,WOJOPS_Aust,0.005,0,0.021,0.002,
919023246497869824,Rashtra_Sevika_,0.005,0,0.024,0.002,
1159508483399536640,RealKavyaReddy,0.005,0,0.022,0.002,
229585768,aiwanagareru,0.005,0,0.106,0.005,
59725400,Rijesh_Ramadas,0.005,0,0.022,0.002,
2215799126,manishbobdesai,0.005,0,0.022,0.002,
75816710,nanditathhakur,0.005,0,0.034,0.002,
1469425596728070150,PrettyJac8,0.005,0,0.104,0.005,
28405879,npunwani,0.005,0,0.022,0.002,
431418115,adesaidds,0.005,0,0.022,0.002,
1492605441335074820,PHOEBEdog17,0.005,0,0.028,0.003,
