Node ID,stance,stance-confidence
100064993891753,0,0
100064360824747,1,1
100080128194473,1,1
100095218417448,1,1
100064555905382,0,0
100095218417460,0,0
100095218417380,0,0
100064343604046,0,0
100067118364824,1,1
100095218417453,1,1
100095218417390,1,1
100076419484513,1,1
100095218417430,1,1
100064603694962,0,0
100064713306722,1,1
100063983834105,0,0
100095218417469,0,0
100067404650474,0,0
100069387241964,1,1
100064831055208,1,1
100095218417450,1,1
100053440385973,1,1
100069154181487,1,1
100064912081793,1,0.996904
100095218417441,0,0
100064872153249,0,0
100095218417458,0,0
100095218417400,1,1
100071438194667,1,1
100095218417463,0,0
277844926117743,0,0
100064469992941,1,1
100064624721992,0,0
100095218417378,1,1
100064921381361,0,0
100095218417475,0,0
100057601691617,0,0
100095218417461,0,0
100066454241810,0,0
100067470001270,1,0.99425286
100095218417427,0,0
100066794299871,0,0
100064301853697,0,0
100064695606437,0,0
100064583687882,1,1
100064779514127,1,1
100095218417433,1,1
100064688230749,1,1
100064748554373,0,0
100039732346840,0,0
100095218417416,0,0
100064992870078,0,0
100095218417417,0,0
100066814033799,0,0
100064740066209,1,1
100095218417375,1,1
100064322756807,1,1
100063819732625,0,0
100065657256165,0,0
100076267325329,0,0
100095218417384,0,0
100044310822279,0,0
100076681819677,0,0
100081724125146,0,0
100075882527501,1,1
781170378635478,1,1
100069028928005,0,0
100063763247008,0,0
100095218417409,0,0
100044509176491,0,0
100064090114839,0,0
100066463665428,0,0
100069325174986,0,0
100068942658501,1,1
100064389804236,1,1
100064081988076,1,0.99250937
100095218417431,0,0
100064262006665,0,0
100090213696534,0,0
100064860451629,0,0
100078949877906,0,0
100069012428768,0,0
100064749126391,0,0
100064138746198,0,0
1710445832541836,0,0
100095218417462,0,0
100067786101011,0,0
100063980856053,0,0
100095218417451,0,0
100064778838852,0,0
100064569284356,0,0
100063788953856,0,0
100095218417440,0,0
100064760198548,0,0
100095218417391,0,0
100070065265866,0,0
100064582754042,0,0
100063801240299,0,0
100058248390340,0,0
169252485416420,0,0
100066350907204,1,1
100041926306259,0,0
100064853944204,0,0
100064603425232,0,0
100064574146585,0,0
100086751460773,0,0
100095218417405,0,0
100064138060472,0,0
100079496666641,0,0
100064110999480,0,0
100083989090630,0,0
819604289151633,0,0
100064451719069,0,0
100066839197177,0,0
100095218417449,0,0
1722216981228301,0,0
100063472516450,0,0
100064167664532,0,0
100064689459022,0,0
100095218417471,0,0
100069316865412,0,0
100084064746848,0,0
100067116154494,1,1
100064491981877,1,1
100064850345964,1,1
100064585308440,1,1
109951605715626,0,0
100067529923175,0,0
100064177924373,0,0
100095218417470,1,1
100064525701206,1,1
552770934828449,0,0
100063914041666,0,0
1785995121708149,0,0
100095218417444,0,0
100064826223340,0,0
100043521741886,1,1
100063722334727,0,0
100063686156757,0,0
100063818612692,0,0
100069218199719,0,0
100064539736279,0,0
100064547297763,0,0
100064412450727,0,0
532050037191077,0,0
608861393124405,1,0.99676377
449812175452668,0,0
100063761933657,0,0
297888414912574,0,0
100063770695966,0,0
1029589560385489,0,0
277013695707235,0,0
100083480131572,0,0
100077353298400,0,0
100045535239237,0,0
100064854483610,0,0
100095218417426,0,0
100069726860401,0,0
100044389810908,0,0
409351382817084,0,0
100063900366980,0,0
100063671276285,0,0
100064777208129,0,0
100064691619353,0,0
100064667226086,0,0
100064381110571,0,0
100064003033390,0,0
100070928298813,0,0
796097294189941,0,0
100066768009396,0,0
100083301694637,0,0
350904846999918,0,0
100064071844003,0,0
1462560087396359,1,1
600209843992648,1,0.996633
100080842477160,0,0
100063960642655,0,0
100049433628783,0,0
100064440262217,0,0
161662364425715,0,0
100064858685742,0,0
100064855385803,0,0
100063736252824,0,0
437636060379000,0,0
100064993262034,0,0
100064561067896,0,0
100084142893921,0,0
100064929720418,0,0
100084159632794,0,0
1079139159283697,0,0
100064846534986,0,0
100064547207879,0,0
100095218417446,0,0
100067453725340,0,0
100031943756842,0,0
100064784795694,0,0
100057487747601,0,0
100064531429686,0,0
376657372674236,0,0
100063761432344,0,0
100064659373643,0,0
100071125897669,0,0
100064100197638,0,0
100068023241760,0,0
100077434211865,0,0
100095218417410,0,0
100045445552516,0,0
2013011305482002,0,0
398945193592040,0,0
100051938448929,0,0
100095218417404,0,0
100063574929099,0,0
100064677698447,0,0
100067235986966,0,0
100044473324679,0,0
100064878274722,0,0
2336242746568420,0,0
919422042137673,0,0
784321465612307,0,0
629830397632159,0,0
3545257709032034,0,0
1780307208908605,0,0
1341761823236150,0,0
1222420264517208,0,0
747913980395067,0,0
3265363183753592,0,0
749677685918414,0,0
702776893222645,0,0
100063983438076,0,0
493146475753685,1,1
1976812112596191,0,0
100064278295620,0,0
100070432353676,0,0
100064809875729,0,0
735068103976058,0,0
977002082351663,0,0
735106260246193,0,0
731401243539801,0,0
1806224336075453,0,0
538556536799405,0,0
200793782088218,0,0
2938587666413749,0,0
1646902678959339,0,0
1300293907090253,0,0
363377494852462,0,0
226275021293680,0,0
161756772792014,0,0
2356464191338221,0,0
100095218417401,0,0
403116618136206,0,0
100095218417402,0,0
282985556659449,0,0
2033488206770432,0,0
1766131533661637,0,0
782568509043658,0,0
895231633878977,0,0
898174930651488,0,0
100063830031607,0,0
997377347017958,0,0
873577023073330,0,0
100063567291972,0,0
343398993437354,0,0
100095218417389,0,0
100063657139721,0,0
100095218417385,0,0
100095218417393,0,0
100095218417381,0,0
100064589030184,0,0
100064702027752,0,0
100063806023601,0,0
100064838226804,0,0
100064235376716,0,0
100095218417432,0,0
638339689955827,0,0
758527130838303,0,0
1958954704425961,0,0
1882953505336449,0,0
542360492829939,0,0
100036867985782,0,0
601431369897042,0,0
125027674797206,0,0
470292256726933,0,0
100064953601364,0,0
25891432033,0,0
100095218417388,0,0
100063668225432,0,0
100058599047662,0,0
100063599022559,1,1
100064603093128,1,1
100064621572222,1,1
100095218417376,1,1
100095218417379,1,1
100069237698586,1,1
100095218417419,0,0
100064832312822,0,0
100095218417373,1,1
100078045076373,1,1
100069577612607,0,0
100064901883781,0,0
100064918204941,0,0
100063966400794,0,0
100064496752176,0,0
100095218417386,0,0
100076368063971,0,0
100095218417387,0,0
100064604954956,0,0
100064655959834,0,0
100064423164435,0,0
100064282075832,0,0
100044143463992,0,0
100063654006885,0,0
100064556657647,0,0
100095218417407,0,0
100095218417439,0,0
100046765819666,0,0
100095218417455,0,0
100064528578751,0,0
100063592268262,0,0
100070873916888,0,0
100095218417437,0,0
100069561600242,0,0
100069114146960,0,0
100095218417438,0,0
100063653434557,0,0
100064753386109,0,0
100095218417436,0,0
100069066283066,0,0
100044469968091,0,0
100064785098236,0,0
100064046880081,0,0
100066659292449,0,0
100064984770069,0,0
100095218417403,0,0
100095218417413,0,0
100095218417414,0,0
100095218417418,0,0
100095218417421,0,0
100095218417422,0,0
100095218417423,0,0
100095218417429,0,0
100095218417434,0,0
100095218417435,0,0
100095218417443,0,0
100095218417445,0,0
100095218417466,0,0
100095218417467,0,0
100095218417476,0,0
100095218417477,0,0
100064510397545,0,0
100095218417377,0,0
100052297419283,0,0
100095218417415,0,0
100064434652019,0,0
100095218417394,0,0
100064651001303,0,0
100063563905136,0,0
100095218417464,0,0
100067715652691,0,0
100095218417428,0,0
100064874430651,0,0
100064990532045,0,0
100095218417395,0,0
100044280826772,0,0
100095218417396,0,0
100095218417397,0,0
100095218417398,0,0
100095218417399,0,0
100095218417383,0,0
100064303825279,0,0
100095218417425,0,0
100095218417382,0,0
100095218417457,0,0
100063979991782,0,0
100095218417420,0,0
100050172023170,0,0
100095218417465,0,0
100064383715647,0,0
100095218417456,0,0
100063609216985,0,0
100064855501369,0,0
100064429011521,0,0
100095218417473,0,0
100063685732843,0,0
100067172753430,0,0
100063700822412,0,0
100095218417374,0,0
100064352727103,0,0
100063942064823,0,0
100095218417474,0,0
100047378928222,0,0
100057394062218,0,0
100095218417411,0,0
100095218417468,0,0
100064531701031,0,0
100064944663433,0,0
100095218417424,0,0
100095218417478,0,0
100063026661464,0,0
100067742328476,0,0
100050603284291,0,0
100063868341169,0,0
100059642974022,0,0
1904450216506201,0,0
100063784981172,0,0
1731519756950378,0,0
100095218417472,0,0
100044186421534,0,0
100050488149828,0,0
100069084050329,0,0
624363868703856,1,1
100095218417412,0,0
100028422176510,0,0
100095218417406,0,0
100037144994542,0,0
100064382005850,0,0
100050635952673,0,0
100063754593507,0,0
100064472600906,0,0
100044229083967,0,0
100044599052058,0,0
100064860121662,0,0
100064709315257,0,0
100095218417442,0,0
100038756507736,0,0
100064495940992,0,0
100095218417447,0,0
100064068755654,0,0
100070857055843,0,0
100083111418422,0,0
100064373693996,0,0
100095218417408,0,0
100095218417452,0,0
61553621673678,0,0
100095218417459,0,0
100066898146301,0,0
100095218417454,0,0
100063755780230,0,0
213718948647365,0,0
100064876264548,0,0
100063896473720,0,0
342121432851843,0,0
913040082455048,0,0
100063744354565,0,0
1977587275620062,0,0
1274576499308703,0,0
488913398564237,0,0
100064359984751,0,0
100067163014935,0,0
228648268547877,0,0
100095218417392,0,0
100068804544656,0,0
100079727742673,0,0
100063572867913,0,0
100072348732081,0,0
100062984932719,0,0
100080071704875,0,0
100063979755394,0,0
100064919850353,0,0
100064540550523,0,0
100063482979991,0,0
100064110492113,0,0
100063898061879,0,0
100079544336052,0,0
100064497078128,0,0
405484433232038,0,0
100066683555822,0,0
100068177977453,0,0
100064644223057,0,0
100063716403111,0,0
100035499175141,0,0
100059711941172,0,0
100069271477230,0,0
100064821065030,0,0
100064841408805,0,0
100064263146325,0,0
100064389533822,0,0
100059422245844,0,0
1181648418933622,0,0
100054982734469,0,0
100063598812399,0,0
100064843084237,0,0
100064440049369,0,0
100064084057409,0,0
100064652801348,0,0
100058813485555,0,0
100064626014218,0,0
100037289425458,0,0
100063974229938,0,0
100066391464791,0,0
100063560673044,0,0
100036158841687,0,0
100063802104757,0,0
100063674614755,0,0
100064667832647,0,0
2944726572471719,0,0
100044612101385,0,0
100064945951418,0,0
100064107820124,0,0
2227645397499482,0,0
100031968477183,0,0
100064376721819,0,0
100066774192331,0,0
100063696695347,0,0
100029157323346,0,0
511361875628578,0,0
921612611195204,0,0
100050609553896,0,0
100064377233758,0,0
100063544182069,0,0
100044474407892,0,0
100067406777098,0,0
100064243136974,0,0
100076270521687,0,0
223572515978909,0,0
100069417030476,0,0
100064478511516,0,0
100079339249837,0,0
100067861909569,0,0
100063577434193,0,0
100064582366061,0,0
100070129524984,0,0
100041345361554,0,0
100089922709277,0,0
100044414976671,0,0
100069238926608,0,0
100064556625599,0,0
100064013470559,0,0
100031152265052,0,0
100044662966668,0,0
100063756032193,0,0
100064001472343,0,0
100064617582655,0,0
100064741204476,0,0
100064834506963,0,0
100063748702651,0,0
100064418963281,0,0
540060237257639,0,0
100069099706426,0,0
100077009754672,0,0
100048681925550,0,0
100057114026517,0,0
291318222128579,0,0
100069489261937,0,0
100063801111926,0,0
275516316975638,0,0
100082843857196,0,0
389255087909318,0,0
223037034551648,0,0
203672220329607,0,0
324826838503058,0,0
303221590817771,0,0
403086189841873,0,0
261159735224928,0,0
100064600752992,0,0
100064660753346,0,0
577100968982045,0,0
263888417486977,0,0
100069295380677,1,1
100064836696694,1,1
100050596384599,0,0
100072472685299,0,0
100064572589016,1,0.99312717
100064770040711,1,1
100064572676856,1,1
100059687073852,0,0
100064456281701,1,1
100065363146694,0,0
100063670076287,1,1
100076934245474,0,0
100069037305794,1,1
100064525129465,0,0
457747791084806,1,1
100064492098034,1,1
100064694946417,0,0
100064678390672,1,1
100064560137372,1,1
100077422732648,0,0
100064692969507,1,0.9913793
100069020085818,0,0
100064447341624,1,1
100064305355047,1,0.9965035
100063904356495,1,1
100077174582175,1,1
100064533263368,1,0.9916667
100069355833002,1,1
100057923456717,0,0
100064910431981,1,1
100071057045667,1,1
590494738358491,1,1
100064535178368,1,0.990566
100064101941688,1,0.995671
100075699597860,1,1
100063883060959,1,1
100064487330410,1,0.9931741
100064764097213,1,1
100064811682602,1,1
100044171182383,0,0
100064659851074,1,1
100068927540337,1,1
100069019966153,1,1
100063664842670,1,0.9916667
100064801263664,1,1
100068928020644,1,1
100069024675883,1,1
100063506063659,0,0
100064705920733,1,1
100064312944671,1,1
100064565147634,1,1
100064254626718,1,1
100080215756703,1,1
100064798896450,1,1
100044882311248,1,1
100068391393269,1,1
100063639815339,0,0
100088315414420,1,1
100079444835592,1,1
100064957951102,1,1
100064681657178,1,1
100068977457329,1,1
100064849082223,1,1
100064659805535,1,1
100057572953052,1,1
61552415424636,1,1
100082406139579,1,1
100064324556140,1,0.992126
100064823345970,1,1
100064683187744,1,0.99603176
100064546218581,1,0.99335545
100069192490120,1,1
100069273787049,1,1
100044424879897,-1,1
100075856540164,1,1
100069071294923,1,1
1912922352253626,1,1
308960097366810,-1,1
100069092864497,1,1
100076193152940,1,1
100069813836128,1,1
100064876890569,1,1
100050173043112,0,0
100064826192980,0,0
100071865017443,1,1
100069025795789,1,1
350934228985416,1,1
100081317154704,1,1
100059754781800,1,1
100064673892951,1,1
100069285067263,1,1
100044208110786,0,0
100066827415432,1,1
100068902672554,1,1
877668720045203,1,1
100068081029697,1,1
100064623255999,1,1
100064649147426,1,1
100064437862179,1,1
100063969488160,1,1
100044330924792,0,0
100067769456991,1,1
100071513049296,1,1
100068399259418,1,1
100064467439025,1,0.9913793
100080155357783,1,0.99196786
100069145091921,1,0.99615383
100064343006285,1,1
100063999761795,1,1
100068836465772,1,1
100066732374844,1,1
100080231851991,1,1
100064321977119,1,0.990566
100068004951060,1,0.99230766
790916869434638,1,1
100069174850751,1,1
100067926407780,1,1
100069235688711,1,1
100068476496971,1,1
100067103080770,1,1
100051918171873,1,1
100067756838573,1,1
100057276557428,1,0.99230766
100069361233024,1,1
100064728934612,1,1
100064800576284,1,1
100068675073549,1,0.9919355
100071185837210,1,1
100068857764368,1,0.9918033
100068319387151,1,0.9921875
100064643413825,0,0
100064240592801,-1,1
100068915083558,1,1
100069035864199,1,1
100064391961481,0,0
100069096674421,1,1
100068990176982,1,1
100068877383459,1,1
100068952798154,1,1
100083170240424,1,1
100082507158156,-1,1
100066326630218,1,1
100066611406665,1,1
135273846576868,0,0
100064714987649,1,0.99298245
100076363749216,1,1
100069097664432,1,1
1512079502645366,1,0.962963
100064584677101,1,0.9965035
100077465821158,1,1
2198175906995688,1,1
100064495608125,1,1
100064840984862,1,1
100050296522952,0,0
240336190808174,0,0
100066681789365,1,0.99604744
100069125953564,1,1
100082275034607,1,1
100066536355986,1,1
100069463414602,1,1
100064777118316,1,1
100067480209659,1,1
100064547565542,1,1
100069377632355,0,0
629493304963040,0,0
2163704253929307,-1,1
100064513909589,1,1
100068884403276,1,1
465418921411991,0,0
311970190175821,1,1
100070406115119,1,0.987013
1717106811854829,0,0
100064536229034,1,1
100066897917388,1,1
100075561351681,1,1
100082298107979,0,0
100080681497135,1,1
100064874733181,1,1
100064667591022,1,1
100068957924570,1,1
100064644611754,1,1
100083345376941,-1,1
100068850685015,1,1
100064828535292,1,1
100071566733359,1,1
100067862987085,0,0
100064643801585,1,1
100078899165899,1,0.990566
100064706617458,1,0.9677419
100069352083199,1,1
100064207802831,1,1
100068906662464,1,1
100064810683477,1,1
100064393163953,1,1
100064743673321,-1,1
100066731470590,1,1
100064758784105,1,1
100063858578714,0,0
100064769437071,0,0
100064731786691,1,1
100064521917268,0,0
100063839044978,1,1
100063965626669,1,1
100064039475139,1,1
100057588693217,1,1
100084508327363,0,0
100064469840972,1,1
2852427181715879,1,1
100063868519929,1,1
100063470569550,0,0
100065469284954,1,1
478381722814335,0,0
100064866543892,1,0.99646646
100066811444387,1,1
100068904412185,1,1
100068470142859,1,1
100064569196827,0,0
100064696750892,0,0
100063548534977,0,0
3486456648087740,1,0.9677419
100067335932590,1,0.9927536
2416927248415933,0,0
100067554468896,1,1
513588562350836,0,0
1291361544894953,1,1
100070132087268,1,1
100064318077078,0,0
100051031907385,0,0
100063449484732,0,0
451537904973773,0,0
100064564037439,1,1
100046975221346,1,1
100064569107163,1,1
2109513709180582,0,0
100064438581739,1,1
1917663581877461,-1,1
100064616295150,1,1
100063831042479,1,1
100067181851576,1,1
100063636194121,1,1
558232233000145,0,0
100080083066337,1,1
100068620898528,1,0.9907407
100067214854990,1,1
522122091137524,0,0
496445220977707,0,0
580358682626003,0,0
100064674402406,1,1
100067628645126,1,1
100018562076253,1,1
100059351481165,0,0
100076474771438,0,0
100064486818352,1,1
100081812193196,1,1
100064311177045,1,1
100064711959324,1,1
100068415713435,1,0.990566
100064242987057,1,1
896425058347530,1,1
100037538786082,0,0
100064569406890,1,1
100066649955913,0,0
100064692186672,0,0
100064802585482,1,1
100064335776110,1,1
491499436349560,0,0
632461133547511,1,1
100068948208538,1,1
1491806631117200,0,0
210233087803179,0,0
2147482792191171,1,1
100064859313680,0,0
100064378221839,1,0.990566
100063693416817,1,1
2382601215214266,0,0
100068425591336,0,0
100064107188688,-1,1
343072135746967,1,1
173517396160431,0,0
100064728697092,-1,1
318021225985833,0,0
100064713129726,1,1
500446908953838,0,0
2461560397334334,0,0
100067461488343,1,1
130353130335168,0,0
520301618119244,1,1
100069098864392,1,1
100064213086672,0,0
100064413713781,1,1
100077334881053,1,1
100075667704219,0,0
100069083654971,0,0
1840766719504470,1,1
2720921504826632,0,0
100066324204642,1,1
100050590744819,0,0
1174794862697735,1,1
100063562631353,0,0
100083191629530,0,0
315536669139078,0,0
867255970485179,0,0
501380783914222,0,0
100071389165988,-1,1
100064574774615,1,1
627250762213247,0,0
2121615891308569,0,0
100075834533274,1,1
1496525877466019,0,0
1857615567701822,0,0
100064392323810,0,0
1203728010022034,1,1
100063699859951,1,1
280567723836614,0,0
695634482250602,1,1
100063948547435,-1,1
341527216935561,0,0
100064435462434,-1,0.5
100020528481207,0,0
100064330765940,1,1
100064428082238,0,0
100064243737177,1,1
110351778669630,0,0
100064068548752,0,0
1802642446789612,0,0
100063643543206,0,0
919898111879031,-1,1
100080136794828,1,1
437729180253415,1,1
100064358485505,0,0
1958102101073259,0,0
1773237959648028,0,0
100069427380291,0,0
1163024501316052,0,0
100069423180322,1,1
389962564738257,1,1
100057143722939,1,1
100064705384752,1,0.9918033
100064435550087,0,0
532525066913734,0,0
100064486640374,1,1
100063665321923,0,0
532628014692559,0,0
2325798887537370,0,0
100069088364893,1,1
100069151541456,1,1
993934724538722,0,0
100060053241596,1,1
2534545136563621,0,0
100064403180639,-1,1
100064042985496,1,1
459804204197210,0,0
100064518349879,1,1
100083378752285,0,0
256878063741518,0,0
100083542653647,0,0
100092159514258,1,1
1202656160587874,0,0
100068971023113,1,1
100063909851049,1,0.9906977
145272275896915,1,1
100067331861999,0,0
471466439730204,0,0
471069940575081,1,1
100069120579571,0,0
100064377564463,1,0.8333333
100064133765345,0,0
100063733316186,1,1
100064166882022,0,0
505037502920274,1,1
100069334324411,1,1
100068834185858,1,1
100068815490593,1,1
100086957190152,1,1
635546403840282,0,0
750222019315882,1,1
880427936049103,0,0
757170434860938,0,0
100068196045249,1,1
34059687671,0,0
608661859826363,0,0
100069347913713,1,1
150138832486643,1,1
496886917062254,-1,1
100068842045082,1,1
100044367218764,0,0
100083189984263,0,0
100067170901639,1,1
100089484220404,0,0
100064392684012,0,0
118407746991148,1,1
674410823497972,0,0
1690724897776746,-1,0.6
1681512778785003,1,1
393801550674277,0,0
100068844055166,1,1
100050232710578,1,1
100083071725238,1,1
824339182612728,0,0
100063981014961,-1,1
112379639417962,1,1
831434917377965,-1,1
2405494699759407,0,0
100066661686405,0,0
100063631460973,1,0.990566
1212028785674437,1,1
100069234578880,1,1
2354646191349253,1,1
100063723326158,1,1
427461270950109,0,0
2152648584887817,0,0
2695433883934666,-1,1
100076116020877,1,1
1895352990603615,0,0
481746659600454,0,0
100068997016519,1,1
100068752202456,1,1
100064823045741,1,1
100068903062487,1,1
491385501653038,0,0
100069334474463,1,1
100064833182763,-1,1
614252858935050,0,0
100068567196434,0,0
100064321074396,0,0
100050493249601,0,0
100064833667064,-1,0.625
100064746517243,0,0
637959817077133,1,1
770541817944183,0,0
813655222037633,0,0
100063928483142,0,0
100069660601353,1,1
898899773959040,1,1
714570975985285,0,0
1588267131205879,1,1
256766414502861,0,0
100080449592342,1,1
1716108248634149,0,0
100064557644744,0,0
100953916368683,0,0
1294194364456063,1,1
1038776483744821,0,0
100046406873813,0,0
1024469167959688,1,1
3439200919516040,0,0
100066923259086,1,1
1523006637773174,0,0
100066553630155,0,0
100068535805417,1,1
100063365341964,1,1
423913437664899,0,0
924605170934527,0,0
100064335385709,1,1
100047146281391,0,0
403643311730190,1,1
100086227638164,0,0
800035513954243,-1,1
272234986677692,1,1
495434511067777,0,0
1736267083250345,0,0
143329293038120,0,0
1159466837752104,1,1
100068864898741,1,1
1290979807605228,0,0
1047986708551187,0,0
100064621278456,0,0
100063972613067,1,1
124274370981921,0,0
1661411200564565,0,0
2094416397514358,1,1
100064073320652,1,1
100064204891699,1,1
100064755308543,0,0
100044542651659,0,0
61554288338594,0,0
100092458219588,1,1
164768659652737,0,0
1636214213404463,0,0
195824636090263,0,0
524787689076834,0,0
1330952867069596,1,1
684176862127379,1,1
160242870718439,1,1
709923752393072,0,0
100081625813522,-1,1
1446889365496052,0,0
502557952051789,0,0
824876028199357,-1,1
319060787134387,1,1
506456463701759,1,1
1177850532564871,-1,1
318122976168561,1,1
100064374351849,1,1
1889410034451767,-1,1
100063648073221,1,1
100063645626777,1,1
938845686547588,0,0
173947762653597,0,0
210377039007666,0,0
338922193188162,0,0
100064583296853,1,1
100064821367601,1,1
615752006792403,1,1
61551088711646,0,0
3297966093764406,0,0
424967182383487,1,1
753937569772773,0,0
1623620301441369,0,0
411444594017919,0,0
100076206196991,1,1
234373792054580,-1,1
100071599657542,0,0
2854329304643601,0,0
1810059069207511,0,0
100064942530240,1,1
100064328996686,1,1
1478412168845965,1,1
260790557384441,-1,1
45948926551,1,1
475442322612040,0,0
100064747174358,0,0
100068917701759,1,1
296585457540183,-1,1
21497469166,1,1
744674469613011,-1,1
865921530094024,-1,1
677359847357850,-1,1
390366465740267,1,1
100063706967503,0,0
1045470222921349,-1,1
1079556218762459,1,1
100064036299338,1,1
300590728052752,-1,1
435203117986160,-1,1
287107259661452,-1,1
100066925742745,-1,1
382887332676563,1,1
348995139765273,-1,1
100068757383115,1,1
719832845528259,0,0
826366041525292,-1,1
1698087960421347,1,1
1730408500319522,1,1
1589013904514949,0,0
624035831773051,0,0
100072186169632,1,1
100069359763114,1,1
2559796067409883,0,0
1561464194092648,-1,0.886076
476415832451677,1,1
285513148312468,0,0
463298200435868,-1,1
2068742180021853,1,1
4305831772827671,-1,1
411107767484983,0,0
751268139041190,0,0
3686376068065621,-1,1
1584097455345069,0,0
653337625306218,0,0
309405393363771,0,0
310614362682660,-1,1
2038807069483018,-1,1
3006145009452024,-1,1
1153424065189037,-1,1
100063747562859,1,1
1545710018990468,-1,1
421182155912602,0,0
100078999524858,1,1
3234435983271019,-1,1
787019775000339,0,0
508216329201366,1,1
705579023468045,1,1
1282729418826518,0,0
100067335713638,1,1
1563850287201184,-1,1
373178229916242,0,0
337603360631027,0,0
100064336916083,0,0
100064110514022,1,1
100064326926777,1,1
183267217328,1,1
259821637554116,0,0
1965587317046353,-1,1
1607026709558066,1,1
132119536882989,0,0
6950186281,0,0
100068996176296,1,1
100064597395508,1,1
100064601205409,1,1
100080495521928,0,0
100067607325289,0,0
1335264313493303,0,0
652341760445102,1,1
639620977212416,0,0
309774664724730,1,1
262631054305038,0,0
718631405863151,-1,1
2726851910881422,-1,1
348710229428880,1,1
231356769341131,1,1
100079746841829,1,1
308631007810786,-1,0.8
1954579978115545,-1,1
828026740886316,1,0.9957983
818376092294769,-1,1
100063760172525,0,0
3460089370681204,-1,1
1207650489683268,-1,1
440623270724914,-1,0.035714287
654004139376270,0,0
604873487438853,-1,1
2306832006138325,-1,1
1105878956578253,-1,1
368854049923497,-1,1
1631679510400709,-1,1
277869333434712,-1,1
3662866753821378,-1,1
161837115634515,1,1
100069325745093,0,0
1311532585869790,0,0
2915985821786353,-1,1
1648510632127164,-1,1
3296743573746172,-1,1
2060806204131297,-1,1
779878572492963,1,1
215930026288006,1,1
100063934664657,1,1
100064403905316,1,1
100064160220393,1,1
742290465802585,0,0
535430093175853,1,1
401364193317813,1,1
414409865291130,0,0
100031551892601,1,1
100069297366135,1,1
1444697262493927,0,0
1593041374078400,-1,1
1069585873072006,-1,1
1591388104456989,-1,1
2784281001851337,-1,1
1339397636994814,-1,1
760334468000845,1,1
460620969204549,-1,1
2012726515610809,-1,1
667933240706991,0,0
862770961400901,-1,1
216891616311139,-1,1
100083576310181,1,1
100092640722786,1,1
100063749871952,0,0
606825546949897,0,0
340635991432814,0,0
100063864611221,0,0
100063763382163,0,0
1660679064279402,1,1
728968201572791,-1,1
446528173224929,-1,1
1515592082191401,0,0
3183857721729697,-1,1
1769049170019855,-1,1
1036027303795538,1,1
1018280718775178,0,0
490746161043512,-1,1
3782546811769070,0,0
223274011538260,-1,1
100077403357595,1,0.9166667
290228278432094,-1,1
464389297970199,-1,1
100067025434658,1,1
100080640374011,1,1
100063738099165,1,1
807837893076784,-1,1
273833973801830,-1,1
1903282539808911,-1,1
1062712734111811,-1,1
982826749230532,-1,1
157376509655858,0,0
1362766053758196,1,1
601424967186338,-1,1
1761298317422709,-1,1
806387176791097,1,1
571257127098598,-1,1
1918564171733731,0,0
816677542479080,0,0
100063489173825,1,1
100059966031275,0,0
684644265445585,-1,1
2496361217099792,1,1
1545574435744906,-1,1
370303460586579,1,1
100064617074924,0,0
100050738679556,1,1
100072291092110,1,1
100064115434487,1,1
100064022952754,1,1
100071074350247,1,1
222121775855371,1,1
1583625591904910,1,1
100068781915310,1,1
100064795055308,1,1
262174060472172,1,0.990566
971509402883313,-1,1
1580525631970545,1,1
1660646700920613,0,0
486767854667353,0,0
210274129895542,-1,1
209902649787995,1,1
780726489061529,0,0
559267270854442,0,0
390789104371275,0,0
2182617998533250,-1,1
675620949566254,0,0
1795976574018597,0,0
287746774712622,0,0
803488406391007,1,1
100063529091469,0,0
238479279524598,0,0
100064381133296,1,1
100064777714059,0,0
100066820815328,0,0
150922685090003,1,1
100064529026730,1,1
100044823527313,0,0
100064847911950,1,1
100069333691258,1,1
100063862125074,0,0
3252532978401215,1,1
3196888803888947,1,1
2463236253967050,1,1
834091031356744,1,1
275548791997048,1,1
848264555893938,0,0
1974601109493493,-1,1
246819286114902,-1,1
598778698053607,0,0
1082780248538197,1,0.9957983
1734211593396126,-1,1
566412124342417,0,0
247479226314828,0,0
191164940208147,1,1
2893708330874991,0,0
642897437280937,1,1
730073913833767,0,0
486113436938475,1,1
2849849228461311,0,0
1381714075529893,-1,1
173969271318453,0,0
1064076313993489,-1,1
421409232446644,0,0
356231383006018,1,1
1263144164422395,-1,1
293971219062544,-1,1
224593022045837,0,0
1267722643683542,0,0
4458790844223156,0,0
3122841134449933,-1,1
1187210118406076,-1,1
2732843353625660,-1,1
251320999232185,0,0
108823366479214,-1,1
1428240713865860,1,1
100075922418151,1,1
100076749466050,1,1
457049227765947,1,1
2732191757053609,0,0
3766640163455227,1,1
428270305516658,0,0
230321755452980,0,0
1990677601214580,0,0
784083209132855,1,1
1517340655135846,-1,1
125663202202356,-1,1
124423619672877,1,1
894577273918230,-1,1
321206549085185,1,1
1039249009461301,-1,1
504198287418135,0,0
1188463121635020,0,0
100075745817592,1,1
933201827611221,0,0
100064229764221,1,1
4293751097344250,-1,1
1439148842858080,-1,1
487965722440559,-1,1
919606695249286,1,1
542689009969059,0,0
2487066198175928,-1,1
553620635354698,-1,1
100067873819261,0,0
706724480108499,-1,1
552825215392820,0,0
1026038431127993,-1,1
504642019691785,-1,1
212905466392653,0,0
100063797475856,1,1
100064362685144,1,1
100064679200669,1,1
100063644691746,1,1
2656273711266943,0,0
100067525436970,1,1
2676103972464804,-1,0.9464286
100067406531560,1,1
100067909640503,1,1
566514060386996,-1,1
261866827294543,1,1
111632508849997,1,0.9166667
131788476914079,-1,1
1696417273991320,-1,1
1761291984155075,-1,1
1528003380853954,1,1
146973675354881,1,1
770654283438365,0,0
1015414821803940,-1,1
313326092549633,1,1
183076108465656,1,1
233950574043332,1,1
100069299585886,0,0
100064691256660,1,1
442314496162558,-1,1
100064916401248,1,1
100051163494298,1,0.990566
1234783156572375,-1,1
100064353445397,0,0
100064326626188,1,1
100064288286973,0,0
1658039677746093,0,0
163795604039627,1,1
4759115874178874,-1,1
2969931239927802,1,1
2605401449700316,-1,1
2253617708283479,0,0
2054619068013119,-1,1
1760556230940803,-1,1
1754029278234540,0,0
1645968202354650,-1,1
1565518790290651,-1,1
1462742434234630,0,0
1450819711974453,-1,1
1098657957173806,0,0
987789192416284,1,1
975272736303930,-1,1
969332156997621,-1,1
955659458145383,-1,1
871595776934061,0,0
851966939341103,1,1
842442799679616,-1,1
801121946961610,1,1
755261985382644,0,0
719409744865886,0,0
626706691934338,0,0
544422713803945,-1,1
291226062477913,-1,1
267518621007092,-1,1
111042089561429,-1,1
3778290805550656,0,0
2963028813912038,-1,1
1362314814558966,-1,1
205760383224926,0,0
259662239154735,-1,1
734597494386062,0,0
728866364262354,0,0
712419679525917,-1,1
704377884401463,0,0
517475963843469,0,0
492234724465880,-1,1
426625548260708,1,1
399117359049569,1,1
354541506857171,-1,1
303660766751896,-1,1
300672488656602,1,1
224493479880829,-1,1
174854961240431,1,1
1110759152757083,-1,1
2861666687491955,-1,1
1332896656725371,-1,1
941292755978727,-1,1
5536730309715997,0,0
540766247494706,-1,1
1421663634543632,-1,1
951794369251366,0,0
589875964451915,-1,1
2691962597793226,-1,1
252667381551715,-1,1
204031977014504,-1,1
822526105587146,0,0
3215652505422710,-1,1
3213013935453657,-1,1
2657196147869398,-1,1
2280596875418581,-1,1
2022765794629959,0,0
2020079304824217,0,0
1898657923855692,-1,1
1703574823037879,0,0
1346876682787248,0,0
268830866806147,-1,1
1193356967777392,-1,1
1182555055196896,0,0
1151226292278908,-1,1
1149953158397259,-1,1
1030114327578944,-1,1
1024754581402426,-1,1
1016899709171020,-1,1
999794906855989,-1,1
992767261231767,-1,1
923506572126052,1,1
870894224035147,0,0
807675930018835,1,1
806342317869383,0,0
739974599999131,0,0
737574238170111,0,0
737570540604688,-1,1
710410839803325,-1,1
709292367330906,1,1
657325188471253,-1,1
642506606414088,-1,1
621937135195228,-1,1
620952882302921,1,1
566505685019617,1,1
562638227783971,-1,1
560901101848455,-1,1
558516299404573,-1,1
558330201781317,-1,1
557330808314253,-1,1
523102442876933,-1,1
521585472742392,-1,1
510267545791093,-1,1
451281778352214,0,0
425976039073318,0,0
402930053992097,-1,1
371120260169060,-1,1
347734187409237,1,0.9957983
347387596394198,-1,1
339796153741609,-1,1
330477552231953,-1,1
329924127404158,-1,1
319565729869927,-1,1
313624834301456,-1,1
299887471511836,-1,1
272230947643291,-1,1
270931440777518,-1,1
265437846952811,-1,1
254602988988137,-1,1
241015074761872,-1,1
202198545256306,-1,1
188600621160750,-1,1
161214639226474,0,0
132915070098237,-1,1
125238436487218,0,0
100054284570930,1,1
382988052117949,-1,1
1375385209925793,0,0
323067179808154,-1,1
2100205043515213,0,0
120580625209135,-1,1
187500763237196,0,0
3379449432384670,0,0
3393966837597059,0,0
2111649478860205,-1,1
383080798422089,0,0
914519209580379,1,1
994375610705724,1,1
5938982386161327,0,0
5320464491381886,0,0
4773251826089846,-1,1
3089359408058481,-1,1
3040300319627260,0,0
2704409613191203,-1,1
2320416608100508,-1,1
1860869587464563,1,1
1685148494938612,-1,1
1080464352548878,0,0
931739777375832,-1,1
772879063442623,-1,1
743321323174586,-1,1
647657362757300,-1,1
624639555594679,-1,1
420467956614355,0,0
394696675063222,1,1
389495499123121,-1,1
342623451160087,-1,1
285096533108769,-1,1
262514263956877,0,0
240153761324919,-1,1
239061397213573,-1,1
415654639203506,0,0
130105632326898,-1,1
100090358921373,0,0
647258956396335,0,0
436038523105363,-1,1
717631573334255,0,0
1122919968154617,0,0
1069375580123551,0,0
810770982855475,-1,1
738644243380871,0,0
616794659012111,-1,1
489826735888199,0,0
384661985409480,-1,1
349001426652823,-1,1
334105685361303,-1,1
308610386779142,1,1
269548314522253,-1,1
213783476914236,0,0
100075972379443,1,1
1782975408725875,1,1
1621230474913570,-1,1
1014391425964789,-1,1
545596670704656,1,1
276927697078111,1,0.9957983
130682805703657,-1,1
4852986034734162,-1,1
3044037345835225,-1,1
2740966906192104,-1,1
1553362294798657,-1,1
1524746044483842,-1,1
1448669108884200,-1,1
1388674981298217,-1,1
1213663508709671,-1,1
1189234958616249,0,0
1023041518544286,-1,1
997431164133220,-1,1
983827635396647,-1,1
984138902179648,-1,1
959327584849948,0,0
840484849984405,1,1
693851171378590,-1,1
657724865609965,0,0
591724388710713,-1,1
241012472977871,-1,1
476482561011566,0,0
822370554533752,0,0
330116998101501,-1,1
262531631674677,-1,1
258126308627914,-1,1
742729926317544,-1,1
124113395069201,-1,1
315490105254443,1,1
287670656193321,-1,1
627231037907956,-1,1
566849157529002,-1,1
561464131050827,0,0
238305134064846,-1,1
214084433783489,1,1
200869633646879,0,0
624545968851085,-1,1
753375931919657,1,1
674112877342960,-1,1
279276420034151,-1,1
2706302586318297,-1,1
3188698007918079,-1,1
3124636871186802,0,0
2604860016327226,0,0
2418826968248221,0,0
1764243397240199,-1,1
1571171693096480,1,1
1140294632818752,-1,1
631587914756884,-1,1
594327705095494,-1,1
276167723448315,-1,1
142889371057135,-1,1
4193235997443556,-1,1
3356463881150051,-1,1
3229737977252369,-1,1
2946726138976046,1,0.9166667
2635384110071833,0,0
2144943612288816,1,0.9957983
1522299031410690,-1,1
1425410584255241,-1,1
1400006113504936,1,1
1320419711662285,0,0
1126766838063927,-1,1
1085470558625815,-1,1
763906280838796,-1,1
494294541459908,-1,1
450775218591002,-1,1
366073918021631,-1,1
299345977851965,-1,1
282381846433779,-1,1
235806393616081,-1,1
1390049264729738,0,0
4671998879507870,-1,1
689061082501689,-1,1
957516608335303,-1,1
314640109924531,-1,1
100067570292698,0,0
1414696478727204,-1,1
269198333556974,-1,1
258506048746949,-1,1
194712340592588,1,1
942375123160575,-1,1
317428029260389,-1,1
3322973634465615,-1,1
1066418973556916,-1,1
216875396203977,-1,1
100076170551790,0,0
100079981554818,0,0
100064184404068,1,1
100067115046728,0,0
100063864737830,0,0
2620381834865501,-1,1
1532151216955458,-1,1
1389808548059099,1,0.9957983
909165506368392,0,0
759300704727869,-1,1
414329826179681,0,0
982298416006685,0,0
858559561472457,1,1
623500574330157,1,0.9375
664172027403017,1,1
215569522993203,1,1
211567541063104,-1,1
209888839077847,0,0
173408397323620,1,1
1427351537662751,0,0
117435907034142,0,0
1099697183900610,0,0
396636621239871,-1,1
537774534021304,-1,1
176723154178280,1,0.9957983
3737555259691672,0,0
1168163073384533,0,0
591987631966312,0,0
372964593543128,-1,1
1159297857556990,-1,1
390647027695407,-1,1
454768831570573,0,0
527887775026919,0,0
272062507180028,-1,1
1527505120973961,-1,1
245268640131992,-1,1
564761444232039,0,0
1224119764683557,-1,1
778476096323853,-1,1
1524396901155400,-1,1
632509630281688,0,0
248713485649025,0,0
1461726493854068,0,0
1936890499856212,0,0
768371647405865,0,0
333473334744026,-1,1
100069157273156,1,1
469365867010530,-1,1
317029209282514,-1,1
1369636956514853,-1,1
966559740906712,-1,1
828354304478701,0,0
267423834286972,-1,1
239382708147265,-1,1
397433774531599,-1,1
493044525080293,-1,1
643454699722799,-1,1
548510182472771,-1,1
131744595476399,-1,1
207984907687417,-1,1
4561289227255012,1,1
269715703451845,-1,1
116045583935426,-1,1
100063649123395,1,1
176707569033588,0,0
201399338536373,-1,1
779124779189517,-1,1
741974733223445,-1,1
533942730093078,-1,1
100076812158966,0,0
322272364868382,-1,1
3331391346925659,-1,1
350644533385200,0,0
473788070608815,1,0.9957983
1431193470332870,-1,1
761592394486280,1,1
315987393305897,0,0
1537242599934502,-1,1
443684109086406,0,0
1473117679601837,-1,1
4496215160429190,-1,1
1552234631753276,-1,1
100068510213176,1,1
164536854068804,0,0
181469989159350,1,1
960502364767031,0,0
233702955155455,-1,1
2994689170814221,0,0
291371259105919,-1,1
2239305266323417,0,0
244924443915676,0,0
232009144505970,-1,1
2019702301389062,1,1
1537545399873792,0,0
1019009238658402,0,0
782761515683669,0,0
3636383316390471,-1,1
385064926001059,-1,1
323309898800965,-1,1
1454022124786971,-1,1
150566257280814,1,1
1762285890707062,-1,1
1104771979903802,0,0
2789553511264503,-1,1
286574199373031,-1,1
509593570025754,-1,1
1669994213060765,-1,1
2705721713088224,-1,1
252771302593926,-1,1
437765344689736,0,0
601981254010288,-1,1
1206601589679408,-1,1
1914849551977047,0,0
254630412625250,-1,1
803328530314334,-1,1
2980564771993466,1,1
920913925310013,-1,1
2863857487224668,-1,1
3053709161622465,0,0
6267952259897509,-1,1
196783340920609,0,0
2626958454229831,-1,1
198331855358191,0,0
919028318181918,-1,1
2937069213050163,-1,1
264689571977475,1,1
446128286837625,1,1
1128535170680687,0,0
875632802847132,-1,1
2836434576398673,-1,1
1427618247418229,-1,1
208790524113199,0,0
100060216739023,0,0
186280111434631,-1,1
1499303193576195,-1,1
1923670614570139,-1,1
791484215062322,-1,1
1401584840033130,-1,1
260597241853211,-1,1
343961493156608,-1,1
100044560353936,0,0
410161056758682,1,1
2674326609549301,-1,1
631421857584836,-1,1
275871807153988,-1,1
2866583023389998,-1,1
1846798778940265,1,0.9957806
300246571309058,-1,1
219868475962702,-1,1
887462425128332,-1,1
2629989297258190,-1,1
100079037628880,1,1
100064447069306,1,1
100063998409716,0,0
100068559787495,-1,1
100067656996627,1,1
100063232598809,0,0
100069020956074,1,1
839387703161112,0,0
188787072560272,-1,1
291232121914091,-1,1
1302802540055344,-1,1
2024055834391618,-1,1
1030994583659024,1,1
2481271195470823,0,0
1027928450924710,-1,1
555934618113010,-1,1
302246260777120,-1,1
3590934377592150,0,0
3257918137560782,-1,1
675534099889832,0,0
601716200468106,0,0
1741772632658607,1,1
3112275228895123,1,1
2569649773272051,0,0
2115191918730575,-1,1
1845236342459454,-1,1
1739546619632971,0,0
1346807738789493,-1,1
1214453775234815,0,0
1104925956358331,-1,1
1008900222654494,-1,1
992388734302546,-1,1
975535442904670,-1,1
930624913719675,-1,1
771801940005460,1,1
728243893989391,-1,1
716510422469817,-1,1
704041546298637,-1,1
688468551278276,-1,1
665810997595847,-1,1
649205092479905,-1,1
634629040612304,-1,1
618205322063274,1,0.9957983
596048207783096,-1,1
578912339450595,-1,1
437765323624073,-1,1
423594745020796,1,1
410341233284901,1,1
273437496632705,0,0
269442960771619,0,0
258117081265815,-1,1
250432151779344,-1,1
243796013725357,1,1
195016654959543,-1,1
181904198554547,0,0
180148235788362,0,0
141983729991884,-1,1
102593689812987,1,1
2313350418767215,-1,1
100063891307298,1,1
100064752907003,1,1
100079549137575,1,0.9166667
100077414385808,0,0
100064540456347,0,0
100064013971237,1,1
100023828190521,0,0
100051439963450,1,1
100064349363167,1,1
100063480176762,1,0.9166667
3107961299237382,-1,1
180134973329203,1,1
495792321310312,-1,1
238889209500374,0,0
305153983812619,0,0
100043945518403,1,1
1458352404390546,-1,1
176370543060558,0,0
100064633248670,0,0
188618454977096,-1,1
152347495169101,0,0
1524303247852787,-1,1
1293006547395348,-1,1
788102051237138,-1,1
1393126577614923,-1,1
365207403656256,-1,1
1165938436791858,-1,1
209474559109305,1,1
398018183734511,1,0.9957983
698433313565212,-1,1
449408695885958,-1,1
106939579845528,-1,1
131280523897660,-1,1
188196348281106,-1,1
781197125421325,-1,1
134320043924053,0,0
1508893019237285,0,0
1137004653066589,0,0
299273596784748,1,1
221293904609976,0,0
213714075345204,1,0.9166667
1563437833689913,-1,1
844130035790801,-1,1
625729540804594,1,1
474944155850181,0,0
453209098427832,-1,1
285857421949174,-1,1
172851516728833,-1,1
156586481044998,0,0
144716426185881,0,0
2292202750852449,0,0
1855549681335063,0,0
1777220115921027,-1,1
1509563032704254,-1,1
1374406202794909,0,0
1158411537561266,-1,1
1122769037912195,-1,1
920888514595768,1,1
852086985149534,-1,1
693468737408171,-1,1
673682169496099,-1,1
559215500904553,-1,1
485660941849637,0,0
454192935106090,-1,1
222354024935673,0,0
203949656325844,-1,1
196828990419641,-1,1
192802417432834,1,1
178756342947715,0,0
175202483229501,0,0
172901506931275,1,1
109442752439977,-1,1
1729164257297387,-1,1
114638381910339,0,0
1032056293557768,-1,1
842448522487698,0,0
313350352466548,0,0
291998057489744,0,0
2140038349342909,-1,1
1027904860887809,0,0
503953450074790,-1,1
415241478508299,0,0
405222409652895,-1,1
91759128897,0,0
1960051360983857,-1,1
1111999438922180,0,0
761188573945900,1,1
525738064237003,-1,1
216146559095550,-1,1
933445283356075,1,1
853494651854593,0,0
410140375742809,1,1
203579303365274,1,1
100063935443970,0,0
1351637181657904,0,0
822562461096034,0,0
5597789101,0,0
100064109886051,1,1
100064025891023,0,0
2254109904687567,0,0
367300313371528,1,1
1829363893856691,0,0
590132314527283,0,0
1755556758048667,0,0
119602401503800,1,1
186427625314507,0,0
128509214161285,-1,1
982860201752959,0,0
100063961234034,0,0
100064429340084,1,1
100064428263166,0,0
100044455898486,0,0
100064681510268,1,1
100068813306425,1,1
100067058724676,1,1
1549891401925301,0,0
666429777086547,1,1
365242380513512,1,1
100064883042652,1,1
308912339123261,0,0
100055219915888,1,0.9166667
1755120364774332,-1,1
100064058016789,0,0
1798492830424827,0,0
1493270180969040,1,1
821542374608074,0,0
100064192021888,0,0
295263720864138,0,0
1824700937816810,1,1
896160770444444,1,1
